id,name,release_date
0,千禧曼波,2001/11/17
1,KANO,2014/02/27
2,巴黎，德州,2016/09/02
3,情書,2016/09/09
4,音速小子 3,2017/01/19
5,她與他們的愛情,2017/09/08
6,失樂園,2017/09/08
7,無人知曉的夏日清晨,2018/06/08
8,坂本龍一:async紐約現場,2018/07/13
9,彩雲飛,2019/01/19
10,普羅米亞,2019/08/16
11,小丑,2019/10/03
12,星際效應,2019/10/05
13,風兒踢踏踩,2019/10/19
14,燃燒女子的畫像,2019/12/20
15,誤判,2019/12/27
16,我的英雄學院劇場版：英雄新世紀,2020/04/01
17,銀翼殺手最終版,2020/06/12
18,東邪西毒：終極版(數位粵語版),2020/06/19
19,EYES ON ME : THE MOVIE,2020/06/24
20,恐怖份子,2020/06/24
21,藍色恐懼：4K數位修復版,2020/07/17
22,再見箱舟,2020/09/05
23,《少女與戰車 最終章》第1+2話,2020/10/07
24,幻愛,2020/10/15
25,悄悄告訴她 經典數位修復,2020/10/30
26,玩美女人 經典數位修復,2020/10/30
27,破碎的擁抱 經典數位修復,2020/10/30
28,GIVEN~被贈與的未來 劇場版,2020/11/06
29,未來的我們,2020/11/27
30,愛在黎明破曉時,2020/12/04
31,愛在日落巴黎時,2020/12/04
32,法蘭克,2021/01/15
33,龍貓,2021/01/29
34,鬼影,2021/02/10
35,墮落天使  4K數位修復版,2021/02/19
36,竊聽風暴,2021/02/26
37,我的母親 經典數位修復,2021/02/26
38,歡樂時光（上）,2021/02/26
39,歡樂時光（下）,2021/02/26
40,我愛你，你愛她，她愛他,2021/03/12
41,顫抖的慾望 經典數位修復,2021/03/26
42,父親,2021/04/16
43,女畫家與偷畫賊,2021/05/14
44,花束般的戀愛,2021/07/16
45,群青戰記,2021/07/22
46,魔法少女小圓劇場版 [新篇] 叛逆的物語,2021/08/13
47,薩滿,2021/08/25
48,花神咖啡館,2021/09/10
49,沙丘,2021/09/16
50,腦海中的橡皮擦,2021/09/17
51,攔截聲命線,2021/10/08
52,心靈遊戲,2021/10/09
53,嵐 5x20演唱會電影～回憶全記錄～,2021/11/03
54,諸葛四郎─英雄的英雄,2021/11/12
55,濁水漂流,2021/11/19
56,《少女與戰車 最終章》 第3話,2021/11/19
57,偶然與想像,2021/11/26
58,青春特調蜂蜜檸檬蘇打,2021/12/03
59,GIVEN~被贈與的未來 劇場版：反面的存在,2021/12/09
60,藍宇,2021/12/10
61,夏日之戀,2021/12/12
62,2gether電影版：只因我們天生一對,2021/12/24
63,鈦,2021/12/24
64,在車上,2021/12/24
65,記憶,2021/12/25
66,麥特與麥斯,2021/12/30
67,世界上最爛的人,2022/01/01
68,瀕臨崩潰邊緣的女人 經典數位修復,2022/02/04
69,詛咒,2022/02/04
70,BJ單身日記,2022/02/11
71,電影版 昨日的美食,2022/02/18
72,該死的阿修羅,2022/03/02
73,漂浪人生,2022/03/19
74,SEVENTEEN POWER OF LOVE : THE MOVIE,2022/04/20
75,重慶森林 4K數位修復版,2022/04/22
76,深海獵奇,2022/05/14
77,馬達加斯加：狐猴之島,2022/05/14
78,最後的冰川,2022/05/14
79,哈勃望遠鏡,2022/05/14
80,回歸野性,2022/05/14
81,捍衛戰士: 獨行俠,2022/05/23
82,小小兵2:格魯的崛起,2022/07/01
83,春日小戀曲,2022/08/12
84,哈勇家,2022/08/12
85,蜘蛛人：無家日 戲院加長版,2022/09/02
86,神隱少女(日文版),2022/09/08
87,花樣年華 4K數位修復版,2022/09/16
88,飯戲攻心,2022/09/23
89,正發生,2022/09/30
90,以你的名字呼喚我,2022/10/14
91,大逃殺 4K數位修復版,2022/11/04
92,如歌的行板,2022/11/05
93,黑豹 2：瓦干達萬歲,2022/11/09
94,2046 4K數位修復版,2022/11/14
95,劇場版 歌之☆王子殿下♪ 真愛ST☆RISH TOURS,2022/11/18
96,天空之城(日文版),2022/11/25
97,大熊貓(國語版),2022/12/01
98,海底世界(國語版),2022/12/05
99,一起一起,2022/12/16
100,蘿拉快跑,2022/12/17
101,朝聖之路：聖雅各,2022/12/23
102,鬼搖靈2：陰語陣陣,2022/12/23
103,鬼壓床了沒,2022/12/23
104,劇場版 弦音 ─初始的一射─,2022/12/30
105,灌籃高手 THE FIRST SLAM DUNK,2022/12/31
106,日麗,2023/01/25
107,霍爾的移動城堡,2023/02/01
108,青春養成記,2023/02/08
109,毒舌大狀,2023/02/17
110,愛情美樂地,2023/02/17
111,巫母,2023/02/24
112,本日公休,2023/02/26
113,投奔怒海,2023/03/03
114,8釐米：詛咒影帶,2023/03/10
115,小淘氣尼古拉：快樂的源頭,2023/03/24
116,夏日悄悄話,2023/03/31
117,魔女宅急便(日語版),2023/03/31
118,鬼玩人 4K數位修復版,2023/04/07
119,四百擊,2023/04/16
120,魯蛇大翻身,2023/04/28
121,窄路微塵,2023/04/28
122,神鬼第六感,2023/05/05
123,收陰機,2023/05/19
124,鷹勇潛艦,2023/05/19
125,烈火焚身,2023/05/19
126,BLUE GIANT 藍色巨星,2023/06/02
127,蜘蛛人：穿越新宇宙,2023/06/21
128,小行星城,2023/06/23
129,小提琴天后慕特：愛樂一生,2023/06/30
130,元素方城市(英文版),2023/06/30
131,不可能的任務：致命清算 第一章,2023/07/06
132,暗湧情事,2023/07/07
133,回不去的那座山,2023/07/15
134,飛躍吧！金牌英雄,2023/07/15
135,Barbie芭比,2023/07/20
136,奧本海默,2023/07/21
137,電影哆啦A夢：大雄與天空的理想鄉,2023/07/21
138,假裝沒事,2023/07/28
139,GT：跨界玩家,2023/08/03
140,忍者龜：變種大亂鬥,2023/08/04
141,一個人的朝聖,2023/08/04
142,景深之中,2023/08/11
143,親密（前編）,2023/08/12
144,親密（後編）,2023/08/12
145,四月物語：數位修復版,2023/08/16
146,喜幹會,2023/08/18
147,限時引爆,2023/08/21
148,MAMAMOO：MY CON THE MOVIE,2023/08/25
149,粽邪3 :鬼門開,2023/08/25
150,私刑教育3,2023/08/31
151,鬼修女II,2023/09/07
152,劇場版 少女☆歌劇 Revue Starlight,2023/09/08
153,換宿夜驚魂,2023/09/11
154,威尼斯魅影謀殺案,2023/09/15
155,德黑蘭雙面疑雲,2023/09/15
156,岸邊露伴在羅浮,2023/09/15
157,少女☆歌劇 Revue Starlight RONDO RONDO RONDO,2023/09/15
158,我的天堂城市,2023/09/15
159,自由之聲,2023/09/19
160,偉大的十四世：達賴喇嘛,2023/09/22
161,劇場版IDOLiSH7-偶像星願- LIVE 4bit BEYOND THE PERiOD<DAY2>,2023/09/22
162,劇場版IDOLiSH7-偶像星願- LIVE 4bit BEYOND THE PERiOD<DAY1>,2023/09/22
163,在旅途中：方濟各的朝聖之旅,2023/09/28
164,奪魂鋸X,2023/09/28
165,劇場版 PSYCHO-PASS 心靈判官 PROVIDENCE,2023/09/28
166,觸不到的肌膚,2023/09/28
167,他馬克老闆,2023/09/28
168,汪汪隊立大功：超級大電影（國語版）,2023/09/29
169,A.I.創世者,2023/09/29
170,藍色情挑 經典數位修復,2023/09/30
171,沒有國家的冠軍,2023/10/06
172,大法師:信徒,2023/10/06
173,塞納河上的船屋,2023/10/06
174,蒼鷺與少年(日文版),2023/10/06
175,周處除三害,2023/10/06
176,白色情迷 經典數位修復,2023/10/07
177,少年Pi的奇幻漂流（英國國家劇院現場）,2023/10/13
178,女鬼橋2：怨鬼樓,2023/10/13
179,紅色情深 經典數位修復,2023/10/14
180,雉岳山怪談,2023/10/20
181,花月殺手,2023/10/20
182,笨錢效應,2023/10/20
183,杜巴利伯爵夫人,2023/10/20
184,交響狂花,2023/10/20
185,塵埃之書：野美人號（英國國家劇院現場）,2023/10/25
186,佛萊迪餐館之五夜驚魂,2023/10/27
187,超危險保鑣,2023/10/27
188,新核能時代,2023/10/27
189,野獸們,2023/10/27
190,惡女,2023/10/27
191,青春並不溫柔,2023/10/27
192,日子,2023/10/27
193,撼山河 撼向世界,2023/11/01
194,鬼車站,2023/11/03
195,困獸,2023/11/03
196,泰勒絲 | 年代巡迴演唱會電影,2023/11/03
197,小嫉妒,2023/11/03
198,詭屋,2023/11/03
199,我家的故事,2023/11/03
200,戰場日記,2023/11/05
201,驚奇隊長 2,2023/11/08
202,琳達想吃雞!(中文版),2023/11/10
203,茱莉亞四重奏,2023/11/10
204,電影版 勿說是推理,2023/11/10
205,WOMEN 我們不知道的事,2023/11/10
206,五月雪,2023/11/11
207,車頂上的玄天上帝,2023/11/11
208,天一亮，就想見到你,2023/11/12
209,飢餓遊戲：鳴鳥與游蛇之歌,2023/11/17
210,恐怖感恩劫,2023/11/17
211,少男少女,2023/11/17
212,野火蔓延時,2023/11/24
213,拿破崙,2023/11/24
214,下一球，勝利,2023/11/24
215,阿爾及爾的末代王后,2023/11/24
216,老狐狸,2023/11/24
217,直線偏執狂（英國國家劇院現場）,2023/11/30
218,海鷗 （英國國家劇院現場）,2023/11/30
219,全羅道少年殺人事件,2023/12/01
220,五月的35日,2023/12/01
221,富都青年,2023/12/01
222,無聲夜,2023/12/01
223,壁花男孩,2023/12/01
224,進化症候群,2023/12/01
225,屍禁,2023/12/01
226,花腐,2023/12/01
227,BIG,2023/12/01
228,夢行者保羅,2023/12/04
229,旺卡(英文版),2023/12/05
230,水鬼,2023/12/08
231,年少日記,2023/12/08
232,魔髮精靈：樂團在一起 (國語版),2023/12/08
233,海豚男孩-國語版,2023/12/08
234,歡迎來到駒田蒸餾所,2023/12/08
235,鄰人Ｘ：謎樣的女子,2023/12/08
236,小曉,2023/12/08
237,絕地追擊,2023/12/08
238,12.12：首爾之春,2023/12/15
239,鬼6怨,2023/12/15
240,夜校,2023/12/15
241,超級救援狗,2023/12/15
242,小行星獵人,2023/12/15
243,青春 (春),2023/12/15
244,荒漠斷背情,2023/12/15
245,青春豬頭少年不會夢到紅書包女孩,2023/12/15
246,愛是一把槍,2023/12/15
247,窗邊的小荳荳,2023/12/19
248,水行俠 失落王國,2023/12/20
249,愛在閃電下,2023/12/20
250,餓之必要,2023/12/22
251,巫術,2023/12/22
252,送葬人,2023/12/22
253,法拉利,2023/12/22
254,贖罪日之戰,2023/12/22
255,東尼瀧谷:數位經典版,2023/12/22
256,寬鬆世代又怎樣：INTERNATIONAL,2023/12/22
257,銀河鐵道之夜,2023/12/22
258,千年決鬥,2023/12/22
259,我的完美日常,2023/12/24
260,日安，我的母親,2023/12/25
261,赤心巔峰,2023/12/25
262,初戀你我他,2023/12/26
263,慾望之翼,2023/12/26
264,星願(英文版),2023/12/26
265,電影版 淘氣小企鵝啵樂樂 超級明星大冒險(國語版),2023/12/29
266,情牽浮生戲,2023/12/29
267,金手指,2023/12/29
268,藍色的你,2023/12/29
269,人犬,2023/12/29
270,愛情轉移,2023/12/29
271,春風勁草,2023/12/29
272,潛行,2023/12/30
273,魔法公主,2023/12/30
274,坂本龍一：OPUS,2023/12/31
275,紅豬,2024/01/01
276,一一,2024/01/01
277,鬼媽媽的假期,2024/01/05
278,韓國都市恐怖怪談：詭手,2024/01/05
279,巴赫曼-沙漠追愛之旅,2024/01/05
280,怪胎女孩,2024/01/05
281,叛諜檔案,2024/01/05
282,魔籽公主,2024/01/05
283,雙眼之間,2024/01/05
284,月,2024/01/05
285,搖滾吧！中二樂團,2024/01/05
286,壞男孩,2024/01/05
287,怒潮,2024/01/05
288,鬼聲泣,2024/01/08
289,妙想天開,2024/01/09
290,爆裂點,2024/01/11
291,露梁：死亡之海,2024/01/12
292,蜂刑者,2024/01/12
293,網紅教慾,2024/01/12
294,少女與戰車 劇場版,2024/01/12
295,細野晴臣：再會美國,2024/01/12
296,消失的她,2024/01/12
297,春光乍洩  4K數位修復版,2024/01/13
298,美麗的聲音,2024/01/19
299,戰火下的小狐狸,2024/01/19
300,他的最後一個朋友,2024/01/19
301,一個人的逃亡,2024/01/19
302,貓王與我,2024/01/19
303,我不是教你詐,2024/01/19
304,SPY x FAMILY CODE: White,2024/01/19
305,光之美少女電影 ALL STARS F,2024/01/19
306,妖怪森林,2024/01/19
307,魅舞,2024/01/19
308,明天比昨天長久,2024/01/19
309,邪惡根本不存在,2024/01/20
310,一點一滴的死/長夜/一個女人生命中的三小時/山雨欲來,2024/01/20
311,五福女孩/隔河/再見觸身/泳夜,2024/01/20
312,注意看，這個女人⋯⋯/如果時間在此刻停下/我可以暫時逃跑一下嗎？,2024/01/21
313,臨時劫案,2024/01/23
314,劇場版 轉生成女性向遊戲只有毀滅 END 的壞人大小姐,2024/01/25
315,金派特攻隊,2024/01/26
316,邪妓,2024/01/26
317,源生罪,2024/01/26
318,醉鄉民謠,2024/01/26
319,去唱卡拉OK吧！,2024/01/26
320,情慾的界線,2024/01/26
321,莫斯科行動,2024/01/26
322,拯救嫌疑人,2024/01/26
323,飛鴨向前衝,2024/01/27
324,墜惡真相,2024/01/27
325,還錢,2024/01/27
326,機密特務:阿蓋爾,2024/01/31
327,鬼太郎誕生：咯咯咯之謎,2024/02/01
328,歡迎光臨黑手黨餐廳,2024/02/02
329,愛愛愛上你,2024/02/02
330,火上鍋,2024/02/02
331,戰地琴人,2024/02/02
332,在路上男情難未了,2024/02/02
333,不完美的愛情革命,2024/02/02
334,佩佩的電影派對（國語版）,2024/02/03
335,"Fukuyama Masaharu Live Film Kotodama no Sakiwau Natsu ""Boy Meets The Music"" @Nippon Budokan 2023",2024/02/06
336,外星+人2：回到未來,2024/02/07
337,七月返歸,2024/02/07
338,夢想集中營,2024/02/08
339,可憐的東西,2024/02/08
340,《少女與戰車 最終章》 第４話,2024/02/08
341,小子,2024/02/08
342,蜘蛛夫人,2024/02/14
343,再見機器人,2024/02/14
344,天眼救援,2024/02/16
345,鬼燭靈,2024/02/16
346,上流誘惑,2024/02/16
347,失控教室,2024/02/21
348,日日好狗日,2024/02/23
349,蓋世怪胎,2024/02/23
350,鬼影直播,2024/02/23
351,唐人街恰恰,2024/02/23
352,給我個機會,2024/02/23
353,「鬼滅之刃」 絆之奇蹟，邁向柱訓練,2024/02/23
354,鐵道員,2024/02/23
355,逆轉廢材人生,2024/02/24
356,悲情城市,2024/02/25
357,法庭遊戲,2024/02/26
358,飯戲攻心2,2024/02/28
359,沙丘：第二部,2024/02/28
360,鬼怨偶,2024/03/01
361,滯留生,2024/03/01
362,師情化慾,2024/03/01
363,雙面薇若妮卡 經典數位修復,2024/03/01
364,極限長征,2024/03/06
365,天使之心,2024/03/07
366,破墓,2024/03/08
367,BTOB,2024/03/08
368,反貪風暴之加密危機,2024/03/08
369,兩萬種蜜蜂,2024/03/08
370,電影版 X光室的奇蹟,2024/03/08
371,金門,2024/03/08
372,尋找小津,2024/03/11
373,不是你不愛你,2024/03/14
374,北極百貨的秋乃小姐,2024/03/14
375,青春18×2 通往有你的旅程,2024/03/14
376,下女的誘惑 經典重映,2024/03/15
377,城市時裝速記,2024/03/15
378,伏慄熊,2024/03/15
379,雷鬼之父：音樂無國界,2024/03/15
380,尋找湯德章,2024/03/15
381,笨鳥,2024/03/15
382,雞蛋和石頭,2024/03/16
383,惡獸之戰,2024/03/22
384,最後一次的生日派對,2024/03/22
385,盛夏最溫暖的初戀,2024/03/22
386,詩,2024/03/22
387,魔鬼剋星：冰天凍地,2024/03/22
388,鬼聖胎,2024/03/22
389,自由協議,2024/03/22
390,看到靈魂的那隻眼 師公,2024/03/22
391,（真）新的一天,2024/03/22
392,功夫熊貓 4,2024/03/23
393,GIVEN被贈與的未來劇場版：柊mix,2024/03/23
394,但願人長久,2024/03/26
395,哥吉拉與金剛 : 新帝國,2024/03/27
396,Strike！娜英,2024/03/29
397,鬼面女,2024/03/29
398,填詞L,2024/03/29
399,老橡樹酒館,2024/03/29
400,老鬼當家,2024/03/29
401,彼岸的真相,2024/03/29
402,親愛的愛莉絲,2024/03/29
403,特別總集篇 名偵探柯南 vs. 怪盜基德(日語版),2024/03/29
404,冰室蓮司：日本統一 台灣篇,2024/03/29
405,蜜鑰,2024/03/29
406,石門,2024/03/29
407,超人力霸王布雷薩 THE MOVIE：大怪獸東京決戰,2024/03/30
408,白晝如焚,2024/04/02
409,屍咒,2024/04/03
410,超危險警探,2024/04/03
411,天魔：惡之初,2024/04/03
412,劇場版 森林家族 來自芙蕾雅的禮物 中文版,2024/04/03
413,莎莉,2024/04/03
414,瓊拜雅：三重人格,2024/04/05
415,電影版 吹響吧！上低音號～莉茲與青鳥～,2024/04/05
416,東京公園,2024/04/05
417,SUGA | Agust D TOUR ‘D-DAY’ THE MOVIE,2024/04/10
418,怪物樵夫,2024/04/11
419,再愛一次,2024/04/12
420,窒命危機,2024/04/12
421,紀伯倫哈利勒：先知,2024/04/12
422,禁忌之慾,2024/04/12
423,無法融化的祕密,2024/04/12
424,劇場版 排球少年!! 垃圾場的決戰,2024/04/12
425,搬家 4K數位修復版,2024/04/12
426,OUT,2024/04/12
427,自戀男神,2024/04/12
428,偶慾,2024/04/12
429,非紳士特攻隊,2024/04/16
430,機動戰士鋼彈 SEED FREEDOM,2024/04/16
431,神鬼對決,2024/04/19
432,盜墓奇美拉,2024/04/19
433,噬血芭蕾,2024/04/19
434,瑪格麗特戀習題,2024/04/19
435,日安，朵朵,2024/04/19
436,給我愛過的前任們,2024/04/19
437,孤島診療所2022,2024/04/19
438,鬼天廈,2024/04/19
439,屍控大賣場,2024/04/23
440,aespa: WORLD TOUR in Cinemas,2024/04/24
441,特技玩家,2024/04/24
442,愛離巢,2024/04/24
443,不丹沒有槍,2024/04/25
444,犯罪都市4,2024/04/26
445,如果我可以冬眠,2024/04/26
446,邪厄恩典,2024/04/26
447,非關性愛,2024/04/26
448,全境炸裂,2024/04/26
449,背德迷情,2024/04/26
450,帝國浩劫：美國內戰,2024/04/29
451,錢不夠用3：全部夠用,2024/04/30
452,大發明家,2024/04/30
453,貓的報恩(日文版),2024/04/30
454,挑戰者,2024/05/01
455,蜘蛛驚,2024/05/01
456,少年的漂浪旅程,2024/05/03
457,慾望的盡頭,2024/05/03
458,長夜盡頭的微光,2024/05/04
459,熊出沒．伴我“熊芯”,2024/05/07
460,猩球崛起：王國誕生,2024/05/08
461,惡鄰羅曼史,2024/05/10
462,鬼妻塚,2024/05/10
463,假面騎士 THE WINTER MOVIE- 葛查多 & GEATS 最強克米GOTCHA大作戰,2024/05/10
464,短句之國,2024/05/10
465,我在這裡等你,2024/05/10
466,幻幻之交,2024/05/11
467,Silent Love,2024/05/11
468,夏日的文化洋行,2024/05/14
469,全面監視,2024/05/17
470,如果可以再死一次,2024/05/17
471,九龍城寨之圍城,2024/05/17
472,小熊維尼2：噬血維尼,2024/05/17
473,滅世男孩,2024/05/17
474,日落喜劇,2024/05/17
475,鴉色刑事組電影版,2024/05/17
476,魯邦三世 卡里奧斯特羅城 4K數位修復版,2024/05/17
477,BLOODY ESCAPE：地獄的逃走劇,2024/05/17
478,沉默筆錄,2024/05/17
479,刀劍亂舞 迴 -虛傳 燃燒的本能寺- 【前篇】,2024/05/19
480,芙莉歐莎：瘋狂麥斯傳奇篇章,2024/05/22
481,不存在的騎士,2024/05/24
482,踹你死功夫,2024/05/24
483,馬奎斯之愛與群魔,2024/05/24
484,來世還作人,2024/05/24
485,再見哥雅：卡葉爾與布紐爾的最後巡禮,2024/05/24
486,布紐爾:超現實電影人,2024/05/24
487,鬼舞村：詛咒起源,2024/05/24
488,愛情本性論,2024/05/24
489,花芯蕩漾,2024/05/24
490,蘇維埃巴士站,2024/05/24
491,她說,2024/05/24
492,以愛之茗,2024/05/24
493,遠方 數位修復版,2024/05/24
494,被遺忘的人,2024/05/25
495,特莉絲坦娜,2024/05/25
496,假面騎士555 20th 復活的天堂,2024/05/25
497,女僕日記,2024/05/26
498,青樓怨婦,2024/05/26
499,朦朧的慾望,2024/05/26
500,柏格曼的幽靈,2024/05/27
501,馬奎斯如何成為馬奎斯,2024/05/27
502,泯滅天使,2024/05/28
503,安達魯之犬,2024/05/29
504,自由的幻影,2024/05/30
505,波紋,2024/05/30
506,她死了,2024/05/31
507,嗜殺路人甲,2024/05/31
508,當殺手戀愛時,2024/05/31
509,怒火狂猴,2024/05/31
510,失憶殺神,2024/05/31
511,那日清晨真令人感到空虛,2024/05/31
512,八戒,2024/05/31
513,環南時候,2024/05/31
514,中產階級拘謹的魅力,2024/06/01
515,維莉狄雅娜,2024/06/02
516,刀劍亂舞 迴 -虛傳 燃燒的本能寺- 【後篇】,2024/06/02
517,明天我就不幹了！,2024/06/03
518,絕地戰警：生死與共,2024/06/05
519,窺探者,2024/06/06
520,超完美暗殺隊,2024/06/07
521,加菲貓：農場大冒險,2024/06/07
522,鬼咧號,2024/06/07
523,星之聲,2024/06/07
524,春畫先生,2024/06/07
525,睏寐之際,2024/06/07
526,腦筋急轉彎2,2024/06/13
527,屍油降,2024/06/14
528,逃出狂鯊島,2024/06/14
529,鬼氣球,2024/06/14
530,宮殿大飯店,2024/06/14
531,承諾大海的老師,2024/06/14
532,完美配對謀殺案,2024/06/14
533,托芙的房間,2024/06/14
534,孤獨搖滾！團結Band LIVE-恆星-,2024/06/15
535,黑水巷,2024/06/18
536,客人主人,2024/06/19
537,亡命機劫,2024/06/21
538,媽的人生願望,2024/06/21
539,金孫爆富攻略,2024/06/21
540,分期付款愛上你,2024/06/21
541,全個世界都有電話,2024/06/21
542,救援生死線,2024/06/21
543,萬事通大全,2024/06/21
544,紅色房間,2024/06/21
545,雲之彼端，約定的地方,2024/06/21
546,麥可傑克森：未來的未來演唱會電影,2024/06/25
547,噤界：入侵日,2024/06/26
548,60分鐘亡命直播,2024/06/28
549,金髮毒藥,2024/06/28
550,鬼厄犬,2024/06/28
551,忙愛不如盲婚,2024/06/28
552,超級殺,2024/06/28
553,瑪麗亞‧蒙特梭利,2024/06/28
554,名偵探柯南 100萬美元的五稜星,2024/06/28
555,破浪男女,2024/06/28
556,角落小夥伴電影版：奇幻的玩具工廠,2024/06/29
557,神偷奶爸 4,2024/07/03
558,異國日記,2024/07/03
559,找死凶宅,2024/07/05
560,彼此的日子 In Our Day,2024/07/05
561,56種喝采,2024/07/05
562,教宗家的小兒子,2024/07/05
563,猛鬼聲泣泣,2024/07/05
564,海關戰線,2024/07/05
565,秒速5公分,2024/07/05
566,荒蕪之地．應許之心,2024/07/05
567,我想和你在一起,2024/07/05
568,飛月情海,2024/07/10
569,DDDD惡魔的破壞 前編,2024/07/10
570,好人赫德（英國國家劇院現場）,2024/07/11
571,鳥,2024/07/12
572,長腿,2024/07/12
573,電影哆啦A夢：大雄的地球交響樂,2024/07/12
574,劇場版 藍色監獄 -EPISODE 凪-,2024/07/12
575,愛的噩夢,2024/07/12
576,前途海量,2024/07/12
577,血繼,2024/07/14
578,凡尼亞（英國國家劇院現場）,2024/07/16
579,寂噤計畫,2024/07/17
580,龍捲風暴,2024/07/17
581,時髦女子,2024/07/19
582,人道主義吸血鬼徵求自願獻身者,2024/07/19
583,在那開滿花的山丘，我想見到妳,2024/07/19
584,嘎啦,2024/07/19
585,阿姨，上學囉！,2024/07/19
586,大室家-親愛的朋友,2024/07/20
587,人類之巔3,2024/07/22
588,驀然回首,2024/07/22
589,激情年代（英國國家劇院現場）,2024/07/23
590,塔羅牌,2024/07/24
591,死侍與金鋼狼,2024/07/24
592,DDDD惡魔的破壞 後編,2024/07/24
593,她們的盛夏微愛,2024/07/26
594,劇場總集篇 孤獨搖滾！Re:,2024/07/26
595,四月，她將到來。,2024/07/26
596,追逐繁星的孩子,2024/07/26
597,不死戀人,2024/07/26
598,大室家-親愛的姊妹,2024/07/26
599,新封神榜：楊戩,2024/07/26
600,熊貓大冒險,2024/07/28
601,致英格蘭（英國國家劇院現場）,2024/07/30
602,BLACKPINK WORLD TOUR [BORN PINK] IN CINEMAS,2024/07/31
603,圈套,2024/08/01
604,絕地逃生,2024/08/02
605,怨泊,2024/08/02
606,不羈騎士,2024/08/02
607,農民：愛慾情謎,2024/08/02
608,熱血搜救隊：翻轉世界,2024/08/02
609,劇場版 賽馬娘Pretty Derby：新時代之門,2024/08/02
610,電影版屁屁偵探：再見親愛的夥伴，屁屁啊,2024/08/02
611,夏日的檸檬草,2024/08/02
612,我父英風,2024/08/02
613,失速芭蕾,2024/08/05
614,怪奇家族,2024/08/07
615,鬼才之道,2024/08/07
616,OZONE 青春冒險,2024/08/07
617,九命貓的奇幻旅程,2024/08/08
618,情慾出走的女人,2024/08/09
619,邊緣禁地,2024/08/09
620,狗狗歌劇院(中配版),2024/08/09
621,言葉之庭,2024/08/09
622,森之聲：猩火燎原,2024/08/11
623,異形：羅穆路斯,2024/08/14
624,暹羅詛咒,2024/08/16
625,天生女王,2024/08/16
626,狸太怨,2024/08/16
627,電影蠟筆小新：我們的恐龍日記,2024/08/16
628,最後一擊,2024/08/16
629,角頭-大橋頭,2024/08/16
630,戀戀風塵（數位修復版）,2024/08/17
631,自白,2024/08/19
632,SEVENTEEN TOUR 'FOLLOW' AGAIN TO CINEMAS,2024/08/21
633,派對咖孔明 Road to Summer Sonia,2024/08/21
634,求救眨眨眼,2024/08/22
635,變身機長,2024/08/23
636,跳越時空的愛戀,2024/08/23
637,催眠,2024/08/23
638,到我們為止,2024/08/23
639,末日倒數12小時,2024/08/23
640,誰殺了比利比莉,2024/08/23
641,刀劍亂舞 迴 -旋傳 親近的侍從們-,2024/08/25
642,XIA CONCERT MOVIE CHAPTER 1：RECREATION,2024/08/30
643,我們還有明天,2024/08/30
644,哈囉！萌鬼屋,2024/08/30
645,龍族戰神：重生,2024/08/30
646,國有器官,2024/08/30
647,詭異之家,2024/08/30
648,其後,2024/08/30
649,藍色假期,2024/08/30
650,愛情城事,2024/08/30
651,滿七,2024/08/30
652,宛如阿修羅,2024/08/31
653,家族遊戲,2024/08/31
654,廚房,2024/08/31
655,如此這般,2024/08/31
656,春天情書,2024/09/01
657,未來的回憶,2024/09/01
658,黑暗之家,2024/09/01
659,我來買單,2024/09/02
660,小孩不笨3,2024/09/03
661,不思議女人,2024/09/03
662,我的夏日旅行,2024/09/03
663,陰間大法師 BEETLEJUICE,2024/09/05
664,aespa: MY First page,2024/09/06
665,湄公河水鬼,2024/09/06
666,猛鬼大學：邪無止禁,2024/09/06
667,巴黎頌紐約情,2024/09/06
668,導演你有病,2024/09/06
669,穿著旗袍的女孩,2024/09/06
670,200%小狼人,2024/09/07
671,三日月和貓,2024/09/11
672,鬼花園 : 詛咒,2024/09/13
673,警賊黑白衝,2024/09/13
674,流浪吉普賽,2024/09/13
675,荒野心家園,2024/09/13
676,變形金剛：源起,2024/09/13
677,邪惡勿語,2024/09/13
678,超完美家政婦,2024/09/13
679,你的名字。,2024/09/13
680,老師的善意謊言,2024/09/13
681,恐怖份子（數位修復版）,2024/09/14
682,JUNG KOOK: I AM STILL,2024/09/18
683,首爾單身日記,2024/09/20
684,流氓驅魔師,2024/09/20
685,屍控戰場,2024/09/20
686,惡業,2024/09/20
687,可恨的初戀！,2024/09/20
688,歡迎菜老師,2024/09/20
689,魔女荷莉,2024/09/20
690,我的英雄學院劇場版：You’re Next,2024/09/20
691,我心裡的太陽,2024/09/20
692,我的一夜騎士,2024/09/20
693,我變笨了，請多多指教：媽媽 歡迎回來,2024/09/20
694,種土,2024/09/20
695,台北追緝令,2024/09/25
696,《劇場版 SUPER WINGS：究極加速》,2024/09/27
697,那年夏天，想見妳,2024/09/27
698,薩滿男孩,2024/09/27
699,千萬別放手,2024/09/27
700,超時空愛殺,2024/09/27
701,薇娜：死後七日,2024/09/27
702,在大雪封閉的山莊裡,2024/09/27
703,不朽之櫻,2024/09/27
704,雪水消融的季節,2024/09/27
705,台北十日,2024/09/27
706,武替道,2024/09/30
707,血色之路,2024/10/01
708,小丑：雙重瘋狂,2024/10/02
709,再見，福寶,2024/10/04
710,當我的指尖觸碰到你的溫度時,2024/10/04
711,飛鳥總動員,2024/10/04
712,布勒合唱團：直到盡頭,2024/10/04
713,地獄怪客：歪曲人的詛咒,2024/10/04
714,擅長捉弄人的高木同學 電影版,2024/10/04
715,麵包超人電影版：細菌人與繪本的露露,2024/10/04
716,藍色時期,2024/10/05
717,太陽王與人魚：新帝國,2024/10/09
718,危機航線,2024/10/09
719,愛殺特攻隊,2024/10/10
720,荒野機器人,2024/10/10
721,鬼袋人,2024/10/10
722,逃出搶錢鎮,2024/10/10
723,劇場總集篇 孤獨搖滾！Re:Re:,2024/10/10
724,與夢前行  宮﨑駿,2024/10/10
725,銀魂劇場版 2D  荊棘惡童篇,2024/10/10
726,小雁與吳愛麗,2024/10/10
727,念念眷村：文學裡的眷村故事,2024/10/10
728,JUNG KOOK: I AM STILL THE PARTY EDITION,2024/10/11
729,TAEYONG: TY TRACK IN CINEMAS,2024/10/16
730,辣手警探2,2024/10/18
731,惡夢偵相,2024/10/18
732,懼裂,2024/10/18
733,微笑 2,2024/10/18
734,孤狼救援,2024/10/18
735,鄰家密友,2024/10/18
736,銀魂劇場版 2D 一國傾城篇,2024/10/18
737,陰陽師0,2024/10/18
738,默殺：無聲之地,2024/10/18
739,雪中真相,2024/10/18
740,樂一通大戰外星人：粉紅末日,2024/10/19
741,風之谷,2024/10/19
742,猛毒最終章：最後一舞,2024/10/23
743,皇后復仇中,2024/10/25
744,鬼禁地,2024/10/25
745,地獄灰姑娘,2024/10/25
746,劊樂小丑3,2024/10/25
747,白南準：月亮是最古早的電視,2024/10/25
748,真愛未了情,2024/10/25
749,鋼之鍊金術師BROTHERHOOD 15週年特別版,2024/10/25
750,巡演轉學生,2024/10/25
751,日本人的養成,2024/10/25
752,從水深0米開始,2024/10/25
753,乒乓男孩,2024/10/25
754,為我辦一場西式的喪禮,2024/10/25
755,十字路口的豬,2024/10/25
756,生活瑣事,2024/10/26
757,熟男不疑惑,2024/10/26
758,當警探戀愛時,2024/10/27
759,鬼聲泣2,2024/10/31
760,劊樂小丑2,2024/10/31
761,劊樂小丑,2024/10/31
762,非普通家族,2024/11/01
763,草迷宮恐怖殺人事件,2024/11/01
764,布勒合唱團：溫布利球場演唱會,2024/11/01
765,超／人：克里斯多夫李維傳奇故事,2024/11/01
766,劇場版 OVERLORD - 聖王國篇,2024/11/01
767,刀劍神域劇場版-序列爭戰,2024/11/01
768,仇雲殺機,2024/11/01
769,鬼們之蝴蝶大廈,2024/11/01
770,愛子歸來,2024/11/01
771,罪惡對決,2024/11/02
772,保羅‧賽門：無眠樂章,2024/11/02
773,紅色一號,2024/11/07
774,在熙的男，朋友,2024/11/08
775,幸福國度,2024/11/08
776,靠近維梅爾,2024/11/08
777,荊棘天堂,2024/11/08
778,焚城,2024/11/08
779,幕前幕後：范克萊本鋼琴大賽,2024/11/08
780,霸愛之路,2024/11/08
781,成為星星的少女,2024/11/08
782,五等分的新娘*,2024/11/08
783,來生再見未名的我們,2024/11/08
784,黑之牛,2024/11/08
785,我談的那場戀愛,2024/11/11
786,神鬼戰士 2,2024/11/14
787,"HIGHLIGHT “LIGHTS GO ON, AGAIN” IN CINEMA",2024/11/15
788,薩滿新娘,2024/11/15
789,羅素克洛之大法師,2024/11/15
790,驚爆封鎖線,2024/11/15
791,噠噠噠達利,2024/11/15
792,福田村事件,2024/11/15
793,餘燼,2024/11/15
794,默視錄,2024/11/15
795,破·地獄,2024/11/19
796,魔法壞女巫,2024/11/21
797,心葬,2024/11/22
798,FIGHTING！女孩們,2024/11/22
799,鬼碟仙,2024/11/22
800,來自地獄的邪靈,2024/11/22
801,殺,2024/11/22
802,偶像大師 劇場版: 前往光輝的另一端 經典10週年,2024/11/22
803,難言之隱,2024/11/22
804,惡靈怪談,2024/11/22
805,空海 【經典數位修復】,2024/11/22
806,女兒的女兒,2024/11/22
807,春行,2024/11/22
808,海洋奇緣2,2024/11/28
809,Baekhyun: Lonsdaleite [dot] in Cinemas,2024/11/29
810,富豪遊戲,2024/11/29
811,隔壁的房間,2024/11/29
812,異教詭屋,2024/11/29
813,艾曼紐1974 4K修復版導演版,2024/11/29
814,絕命樂透彩,2024/11/29
815,地下終劫站,2024/11/29
816,我最喜歡的蛋糕,2024/11/29
817,終極制裁者,2024/11/30
818,由島至島（上）,2024/11/30
819,由島至島,2024/11/30
820,"RM:Right People, Wrong Place",2024/12/05
821,聽說,2024/12/06
822,從今以後,2024/12/06
823,Laufey's A Night at the Symphony: Hollywood Bowl,2024/12/06
824,艾諾拉,2024/12/06
825,全力揮擊,2024/12/06
826,風流西班牙: 摩洛哥情事,2024/12/06
827,消失的豪門妻,2024/12/06
828,沙奈：詛咒之歌,2024/12/06
829,台灣超人,2024/12/06
830,鳳姐,2024/12/06
831,傷痕-老兵的故事,2024/12/06
832,八犬傳,2024/12/07
833,赤羽骨子的秘密保鑣,2024/12/08
834,NCT DREAM Mystery Lab: DREAM( )SCAPE in Cinemas,2024/12/11
835,我獨自升級：二次覺醒,2024/12/11
836,再見了！茱莉亞,2024/12/13
837,窺鏡,2024/12/13
838,邪體：鬼拼屠,2024/12/13
839,旅人所嚮,2024/12/13
840,這就是聖誕節,2024/12/13
841,404宿靈速速逃,2024/12/13
842,獵人克萊文,2024/12/13
843,惡狼年代,2024/12/13
844,艾曼紐2024,2024/12/13
845,石榴的顏色,2024/12/13
846,風都偵探 假面騎士SKULL的肖象,2024/12/13
847,黑箱日記,2024/12/13
848,優雅的相遇,2024/12/13
849,平克佛洛伊德：迷牆,2024/12/14
850,靈魂的重量,2024/12/14
851,東京戰爭戰後秘語,2024/12/14
852,藥頭悲歌II：血染雙手,2024/12/15
853,藥頭悲歌,2024/12/15
854,藥頭悲歌III：死神上門,2024/12/15
855,珍妮德爾曼,2024/12/16
856,響亮心重奏,2024/12/18
857,吶喊雷克雅維克,2024/12/18
858,PTP：永遠不滅,2024/12/18
859,愛與怒,2024/12/19
860,獅子王：木法沙,2024/12/19
861,納米比亞沙漠直播中,2024/12/19
862,恐怖日常怪談,2024/12/20
863,末世生存者,2024/12/20
864,靈寓,2024/12/20
865,手榴彈‧革命‧還有愛與詩,2024/12/20
866,安眠殺機,2024/12/20
867,LAST MILE：全面引爆,2024/12/20
868,殺人結業弒,2024/12/20
869,薔薇與武士2：海盜女王的回歸（新感線舞台劇第四季）,2024/12/20
870,一部未完成的電影,2024/12/20
871,男歡女愛,2024/12/21
872,雨中的慾情,2024/12/22
873,魔戒：洛汗人之戰,2024/12/24
874,交換禮物,2024/12/25
875,爸爸,2024/12/26
876,IVE The 1st World Tour in Cinema,2024/12/27
877,EPIK HIGH 20 THE MOVIE,2024/12/27
878,鬼妹,2024/12/27
879,死命必達,2024/12/27
880,你是我眼中的那道光,2024/12/27
881,模範生禁愛秘密,2024/12/27
882,美妙寵物 光之美少女電影: 心跳加速♡遊戲世界大冒險！,2024/12/27
883,非想非非想,2024/12/27
884,曦曦,2024/12/27
885,戰火浮生錄,2024/12/28
886,狐晴明九尾狩（新感線舞台劇第四季）,2024/12/28
887,死亡日記,2024/12/29
888,刺心切骨,2024/12/29
889,劇場版「進擊的巨人」完結篇THE LAST ATTACK,2025/01/03
890,故事 開始的地方—希望閱讀,2025/01/03
