序號,國別,片名,上映日,出品,院數,總日數,總金額,總票數,首週票房,週末總票房
9,韓國,與神同行,2017/12/22,(匈牙利)FREEWAY ENTERTAINMENT KFT.,103,140,513309442.0000,2201857,56079374.0000,300221195.0000
10,韓國,與神同行：最終審判,2018/08/08,(匈牙利)FREEWAY ENTERTAINMENT KFT.,96,94,480199268.0000,2015469,202683102.0000,271036356.0000
11,韓國,屍速列車,2016/09/02,CONTENTS PANDA,94,95,376916334.0000,1597802,158378556.0000,226836863.0000
12,韓國,屍速列車：感染半島,2020/07/15,CONTENTS PANDA,61,65,356348484.0000,1434527,170660919.0000,207374467.0000
13,韓國,寄生上流,2019/06/28,CJ ENM CO. LTD,66,222,151316959.0000,648753,14987255.0000,87078421.0000
14,韓國,雞不可失,2019/02/22,CJ ENM CO. LTD,101,113,117559060.0000,515557,27230646.0000,73693131.0000
15,韓國,白頭山：半島浩劫,2019/12/24,CJ ENM CO.  LTD.,73,65,115758503.0000,498357,35245749.0000,57455332.0000
16,韓國,破墓,2024/03/08,RELAY MOTION KFT.,75,111,112233275.0000,430431,28843828.0000,72759391.0000
939,馬來西亞,富都青年,2023/12/01,CINEMA INUTILE  INC.、mm2 Entertainment PTE. LTD.、大元娛樂有限公司 IS Entertainment Co.  Ltd.、彼演員多媒體有限公司 Be Actor Co.  Ltd.、星娛音樂有限公司 XYmusic Ltd.、JW SAB 、 PARTNERS,77,114,101213858.0000,400244,16567608.0000,62703442.0000
969,泰國,模犯生,2017/07/21,GDH559 COMPANY LIMITED,79,141,147943802.0000,646910,17489599.0000,84522934.0000
1086,香港,葉問4：完結篇,2019/12/19,東方影業出品有限公司,107,115,185425478.0000,809557,77270746.0000,109583047.0000
1087,香港,寒戰2,2016/07/08,中國電影股份有限公司、萬誘引力乙有限公司、安樂影片有限公司、安樂（北京）電影發行有限公司、上海騰訊企鵝影業文化傳播有限公司,92,78,140999346.0000,610478,66191089.0000,90716829.0000
1638,美國,復仇者聯盟:終局之戰,2019/04/24,BUENA VISTA INTERNATIONAL  INC.,109,172,910456089.0000,3492311,479031335.0000,514983315.0000
1639,美國,阿凡達：水之道,2022/12/16,BUENA VISTA INTERNATIONAL  INC.,107,178,747055409.0000,2239300,191191176.0000,444583311.0000
1640,美國,捍衛戰士: 獨行俠,2022/05/23,PARAMOUNT PICTURES CORPORATION,105,310,736367012.0000,2687817,93491579.0000,437744989.0000
1641,美國,玩命關頭8,2017/04/12,UNIVERSAL INTERNATIONAL FILMS LLC,109,150,650836998.0000,2674179,334958533.0000,391995582.0000
1642,美國,復仇者聯盟：無限之戰,2018/04/25,BUENA VISTA INTERNATIONAL  INC.,105,135,641776135.0000,2596803,371275224.0000,369860787.0000
1643,美國,侏羅紀世界:殞落國度,2018/06/06,UNIVERSAL INTERNATIONAL FILMS LLC,110,180,621720384.0000,2554833,296874359.0000,387521683.0000
1644,美國,腦筋急轉彎2 ,2024/06/13,BUENA VISTA INTERNATIONAL  INC.,96,152,513328153.0000,1922838,107020849.0000,325671879.0000
1645,美國,蜘蛛人：無家日,2021/12/15,SONY PICTURES RELEASING INTERNATIONAL CORPORATION.,107,171,498216125.0000,1967162,245706042.0000,315521898.0000
1646,美國,水行俠,2018/12/12,WARNER BROS. PICTURES INTERNATIONAL.,112,167,470984595.0000,1957132,179866182.0000,272486996.0000
1647,美國,玩命關頭:特別行動,2019/07/31,UNIVERSAL INTERNATIONAL FILMS LLC,111,140,454504504.0000,1906023,222356181.0000,271297103.0000
1648,美國,不可能的任務：全面瓦解,2018/07/25,PARAMOUNT PICTURES CORPORATION,109,134,447486435.0000,1897530,199420144.0000,269461325.0000
1649,美國,不可能的任務：致命清算 第一章,2023/07/06,PARAMOUNT PICTURES CORPORATION,106,167,436711037.0000,1544217,110093018.0000,279328599.0000
1650,美國,驚奇隊長,2019/03/06,BUENA VISTA INTERNATIONAL  INC.,109,157,404391001.0000,1699437,205078929.0000,256276552.0000
1651,美國,蜘蛛人：離家日,2019/07/02,SONY PICTURES RELEASING INTERNATIONAL CORPORATION.,114,149,379826849.0000,1596769,198639501.0000,222589647.0000
1652,美國,黑豹,2018/02/13,BUENA VISTA INTERNATIONAL  INC.,102,150,373051577.0000,1575728,202809493.0000,175426537.0000
1653,美國,一級玩家,2018/03/29,WARNER BROS. PICTURES INTERNATIONAL.,105,172,362358773.0000,1416934,124862655.0000,210540597.0000
1654,美國,哥吉拉大戰金剛,2021/03/24,美國 WARNER BROS. PICTURES INTERNATIONAL.,104,141,358028088.0000,1400197,174856783.0000,224363174.0000
1655,美國,玩命關頭 X,2023/05/17,UNIVERSAL INTERNATIONAL FILMS LLC,106,143,355167929.0000,1336923,142931738.0000,224515194.0000
1656,美國,TENET天能,2020/08/27,WARNER BROS. PICTURES INTERNATIONAL.,109,174,349848005.0000,1388540,118080249.0000,225434445.0000
1657,美國,冰雪奇緣2 (英文版),2019/11/21,BUENA VISTA INTERNATIONAL  INC.,115,188,343922018.0000,1454118,125836935.0000,255601674.0000
1658,美國,侏羅紀世界: 統霸天下,2022/06/08,UNIVERSAL INTERNATIONAL FILMS LLC,102,136,334165457.0000,1278551,143825320.0000,209676815.0000
1659,美國,金牌特務：機密對決,2017/09/20,TWENTIETH CENTURY FOX INTERNATIONAL CORPORATION.,105,109,334099130.0000,1407013,165051551.0000,190812583.0000
1660,美國,神力女超人(數位2D版),2017/05/30,WARNER BROS. PICTURES INTERNATIONAL.,103,155,333171557.0000,1405577,140312071.0000,180457539.0000
1661,美國,小丑,2019/10/03,WARNER BROS. PICTURES INTERNATIONAL.,115,142,332655822.0000,1393678,133074037.0000,198558545.0000
1662,美國,雷神索爾3：諸神黃昏,2017/10/24,BUENA VISTA INTERNATIONAL INC.,105,136,315081464.0000,1335107,167565619.0000,195128320.0000
1663,美國,獅子王,2019/07/17,BUENA VISTA INTERNATIONAL  INC.,112,187,314948562.0000,1320356,142729102.0000,196357348.0000
1664,美國,玩具總動員 4,2019/06/20,BUENA VISTA INTERNATIONAL  INC.,109,176,312715035.0000,1347740,110220601.0000,205516113.0000
1665,美國,怪獸與牠們的產地(數位2D版),2016/11/17,WARNER BROS. PICTURES INTERNATIONAL.,104,141,309461461.0000,1261927,134174519.0000,204871524.0000
1666,美國,奇異博士 (數位2D版),2016/10/25,BUENA VISTA INTERNATIONAL INC.,99,123,301530089.0000,1207450,151074003.0000,177149778.0000
1667,美國,死侍與金鋼狼,2024/07/24,BUENA VISTA INTERNATIONAL  INC.,98,97,301085499.0000,1058880,124279156.0000,185199957.0000
1668,美國,自殺突擊隊(數位2D版),2016/08/04,WARNER BROS.PICTURES INTERNATIONAL.,102,119,299191054.0000,1231362,153383757.0000,173498573.0000
1669,美國,蟻人與黃蜂女,2018/07/04,BUENA VISTA INTERNATIONAL INC.,106,115,297169899.0000,1271911,163634003.0000,171113837.0000
1670,美國,超級瑪利歐兄弟電影版,2023/04/07,UNIVERSAL INTERNATIONAL FILMS LLC,106,160,295460684.0000,1171686,98007741.0000,211038461.0000
1671,美國,蜘蛛人：返校日(數位IMAX 2D版),2017/07/05,SONY PICTURES RELEASING INTERNATIONAL CORPORATION.,103,134,295264979.0000,1254472,170612229.0000,170876149.0000
1672,美國,阿拉丁,2019/05/22,BUENA VISTA INTERNATIONAL INC.,110,174,290467259.0000,1251032,73870849.0000,188218769.0000
1673,美國,死侍2,2018/05/15,TWENTIETH CENTURY FOX INTERNATIONAL CORPORATION.,106,95,287616545.0000,1228427,172920655.0000,167267932.0000
1674,美國,神鬼傳奇,2017/06/07,UNIVERSAL INTERNATIONAL FILMS LLC,104,100,286709130.0000,1204446,166876126.0000,173594654.0000
1675,美國,猛毒,2018/10/03,SONY PICTURES RELEASING INTERNATIONAL CORPORATION.,109,126,278827478.0000,1201412,154445268.0000,157139920.0000
1676,美國,艾莉塔：戰鬥天使,2019/02/05,TWENTIETH CENTURY FOX INTERNATIONAL CORPORATION.,113,134,276857126.0000,1104685,143145055.0000,138523418.0000
1677,美國,超人特攻隊2,2018/06/27,BUENA VISTA INTERNATIONAL INC.,104,157,260566403.0000,1148321,108260116.0000,158803700.0000
1678,美國,哥吉拉II怪獸之王,2019/05/29,WARNER BROS. PICTURES INTERNATIONAL.,110,124,259835598.0000,1072120,150046169.0000,164184126.0000
1679,美國,永恆族,2021/11/03,BUENA VISTA INTERNATIONAL INC.,106,128,258299255.0000,981345,119402542.0000,166666390.0000
1680,美國,金剛：骷髏島(數位2D版),2017/03/09,WARNER BROS. PICTURES INTERNATIONAL.,103,127,256562230.0000,1078442,143772925.0000,168987388.0000
1681,美國,怪獸與葛林戴華德的罪行,2018/11/15,WARNER BROS. PICTURES INTERNATIONAL.,112,113,254928807.0000,1060923,141766134.0000,169468842.0000
1682,美國,美女與野獸(數位IMAX 2D版),2017/03/16,BUENA VISTA INTERNATIONAL INC.,103,130,251334708.0000,1082643,103386034.0000,159780179.0000
1683,美國,黑豹 2：瓦干達萬歲,2022/11/09,BUENA VISTA INTERNATIONAL  INC.,104,136,250916773.0000,932416,118004386.0000,158901134.0000
1684,美國,神力女超人1984 ,2020/12/17,WARNER BROS. PICTURES INTERNATIONAL.,108,112,249468117.0000,986108,124561147.0000,162035411.0000
1685,美國,惡靈古堡：最終章(數位2D版),2017/01/26,SONY PICTURES RELEASING INTERNATIONAL CORPORATION.,96,92,247789829.0000,1009919,162783104.0000,110554394.0000
1686,美國,哥吉拉與金剛 : 新帝國,2024/03/27,WARNER BROS. PICTURES INTERNATIONAL.,101,162,246559764.0000,883544,108427805.0000,156147298.0000
1687,美國,正義聯盟,2017/11/16,WARNER BROS. PICTURES INTERNATIONAL.,105,107,246315632.0000,1027954,145113441.0000,162199387.0000
1688,美國,奇異博士2：失控多重宇宙,2022/05/04,BUENA VISTA INTERNATIONAL INC.,102,145,244509640.0000,931021,126855722.0000,141098194.0000
1689,美國,氣象戰(數位2D版),2017/10/13,WARNER BROS. PICTURES INTERNATIONAL.,103,134,242358641.0000,1021642,99413067.0000,161679461.0000
1690,美國,沙丘：第二部,2024/02/28,WARNER BROS. PICTURES INTERNATIONAL.,104,172,234091706.0000,724677,85617488.0000,132275510.0000
1691,美國,加勒比海盜 神鬼奇航：死無對證(數位2D版),2017/05/25,BUENA VISTA INTERNATIONAL INC.,102,120,228518043.0000,982770,155729869.0000,123359078.0000
1692,美國,捍衛任務4,2023/03/22,RELAY MOTION KFT.,74,91,227143631.0000,849294,91087261.0000,124481850.0000
1693,美國,雷神索爾：愛與雷霆,2022/07/06,BUENA VISTA INTERNATIONAL INC.,103,114,225303582.0000,862955,125792196.0000,130401539.0000
1694,美國,奧本海默,2023/07/21,UNIVERSAL INTERNATIONAL FILMS LLC,107,237,224865473.0000,719092,65331730.0000,141017296.0000
1695,美國,出神入化2,2016/06/08,SUMMIT ENTERTAINMENT  LLC,70,120,223346779.0000,939601,108096755.0000,124422664.0000
1696,美國,羅根(數位IMAX 2D版),2017/02/28,TWENTIETH CENTURY FOX INTERNATIONAL CORPORATION.,120,134,221791155.0000,942291,103487379.0000,113969587.0000
1697,美國,變形金剛5：最終騎士,2017/06/21,PARAMOUNT PICTURES CORPORATION,102,100,217382257.0000,894993,133950240.0000,129761321.0000
1698,美國,ID4 星際重生 (數位 2D版),2016/06/22,TWENTIETH CENTURY FOX INTERNATIONAL CORPORATION,102,95,203951233.0000,823436,130973001.0000,122343521.0000
1699,美國,野蠻遊戲：瘋狂叢林 ,2017/12/27,SONY PICTURES RELEASING INTERNATIONAL CORPORATION.,102,126,202678565.0000,872131,112673771.0000,122184439.0000
1700,美國,水行俠 失落王國 ,2023/12/20,WARNER BROS. PICTURES INTERNATIONAL.,105,147,199762315.0000,735330,86153569.0000,120932528.0000
1701,美國,野蠻遊戲：全面晉級,2019/12/04,SONY PICTURES RELEASING INTERNATIONAL CORPORATION.,110,157,190903336.0000,812844,85976122.0000,122958981.0000
1702,美國,摩天大樓,2018/07/12,UNIVERSAL INTERNATIONAL FILMS LLC,108,104,187915352.0000,812032,86257583.0000,114154737.0000
1703,美國,限制級戰警：重返極限,2017/01/20,PARAMOUNT PICTURES CORPORATION,103,97,186094597.0000,785201,84121890.0000,100866084.0000
1704,美國,靈魂急轉彎 (英文版),2020/12/25,BUENA VISTA INTERNATIONAL  INC.,108,199,184664386.0000,768245,36444005.0000,116246764.0000
1705,美國,Barbie芭比,2023/07/20,WARNER BROS. PICTURES INTERNATIONAL.,110,178,184159153.0000,711199,37225005.0000,105841787.0000
1706,美國,神偷奶爸3,2017/06/29,UNIVERSAL INTERNATIONAL FILMS LLC,98,119,182399115.0000,802035,86834941.0000,118006458.0000
1707,美國,神偷奶爸 4,2024/07/03,UNIVERSAL INTERNATIONAL FILMS LLC,95,122,177565116.0000,672905,58583521.0000,110414796.0000
1708,美國,紅雀,2018/02/28,TWENTIETH CENTURY FOX INTERNATIONAL CORPORATION.,102,121,173326463.0000,740243,83262355.0000,94729741.0000
1709,美國,移動迷宮：死亡解藥,2018/01/19,TWENTIETH CENTURY FOX INTERNATIONAL CORPORATION.,103,90,173292007.0000,766470,96447426.0000,116131498.0000
1710,美國,環太平洋2: 起義時刻,2018/03/21,UNIVERSAL INTERNATIONAL FILMS LLC,104,93,170746763.0000,717652,107086677.0000,102298833.0000
1711,美國,寵物當家,2016/06/29,美國環球影片公司,90,137,169914728.0000,732786,78844876.0000,100258564.0000
1712,美國,馴龍高手3,2019/01/30,UNIVERSAL INTERNATIONAL FILMS LLC,113,139,166750558.0000,715774,66580732.0000,95241545.0000
1713,美國,一個巨星的誕生,2018/10/09,WARNER BROS. PICTURES INTERNATIONAL.,112,136,164429267.0000,703661,39841465.0000,91979056.0000
1714,美國,分裂,2017/02/03,UNIVERSAL INTERNATIONAL FILMS LLC,93,137,163669266.0000,705321,76006051.0000,98830159.0000
1715,美國,海底總動員2:多莉去哪兒 (數位2D版),2016/07/07,BUENA VISTA INTERNATIONAL INC.,95,160,162678370.0000,709250,61117158.0000,108105462.0000
1716,美國,巨齒鯊,2018/08/10,WARNER BROS. PICTURES INTERNATIONAL.,102,103,162289851.0000,698074,79609477.0000,103304439.0000
1717,美國,猩球崛起：終極決戰(數位2D版),2017/07/13,TWENTIETH CENTURY FOX INTERNATIONAL CORPORATION.,102,92,161369568.0000,710552,91106073.0000,97692419.0000
1718,美國,名偵探皮卡丘,2019/05/09,WARNER BROS. PICTURES INTERNATIONAL.,111,104,160741931.0000,684339,79667208.0000,114330876.0000
1719,美國,魔獸：崛起,2016/06/08,美國環球影片公司,101,86,157374868.0000,626062,99139371.0000,86411879.0000
1720,美國,沙丘,2021/09/16,WARNER BROS. PICTURES INTERNATIONAL.,109,191,156299844.0000,563427,61470739.0000,88224536.0000
1721,美國,大黃蜂,2018/12/26,PARAMOUNT PICTURES CORPORATION,110,105,155948018.0000,653556,94924245.0000,81127739.0000
1722,美國,金牌特務：金士曼起源,2021/12/30,BUENA VISTA INTERNATIONAL  INC.,107,134,155281462.0000,617678,81020303.0000,100063702.0000
1723,美國,猛毒2：血蜘蛛,2021/10/13,(美國)SONY PICTURES RELEASING INTERNATIONAL CORPORATION.,106,115,154541642.0000,609495,86117087.0000,100155203.0000
1724,美國,厲陰宅2,2016/06/08,WARNER BROS. PICTURES INTERNATIONAL.,94,111,153886868.0000,658869,83882836.0000,83026822.0000
1725,美國,007 生死交戰,2021/09/29,UNIVERSAL INTERNATIONAL FILMS LLC,108,134,151318945.0000,567861,55966432.0000,95909969.0000
1726,美國,變形金剛：萬獸崛起,2023/06/07,PARAMOUNT PICTURES CORPORATION,106,136,150572665.0000,577639,77048185.0000,94650008.0000
1727,美國,尚氣與十環傳奇,2021/09/02,BUENA VISTA INTERNATIONAL INC.,107,156,149802491.0000,586271,54589581.0000,87587235.0000
1728,美國,黑亞當,2022/10/19,WARNER BROS. PICTURES INTERNATIONAL.,103,121,148488020.0000,577666,71325952.0000,94486071.0000
1729,美國,小小兵2:格魯的崛起,2022/07/01,UNIVERSAL INTERNATIONAL FILMS LLC,103,182,147487627.0000,599028,50359398.0000,89000053.0000
1730,美國,全面攻佔3: 天使救援,2019/08/21,NU IMAGE INC.,106,149,147436187.0000,637153,71422558.0000,89673574.0000
1732,美國,神鬼認證：傑森包恩,2016/07/28,美國環球影片公司,103,107,145098224.0000,622718,80947200.0000,90748209.0000
1733,美國,星際異攻隊2(數位2D版),2017/04/27,BUENA VISTA INTERNATIONAL INC.,102,114,143562410.0000,600344,83465248.0000,86405542.0000
1734,美國,捍衛任務3：全面開戰,2019/05/15,LIONS GATE INTERNATIONAL (UK) LIMITED,109,101,142800045.0000,626510,77905456.0000,86273055.0000
1735,美國,瞞天過海:八面玲瓏,2018/06/14,WARNER BROS. PICTURES INTERNATIONAL.,107,106,142552086.0000,617718,73645204.0000,83370878.0000
1736,美國,無敵破壞王2：網路大暴走,2018/11/29,BUENA VISTA INTERNATIONAL INC.,106,169,139108858.0000,607402,63265232.0000,100038028.0000
1737,美國,黑魔女2,2019/10/17,BUENA VISTA INTERNATIONAL  INC.,109,113,137801611.0000,590061,71009905.0000,89428581.0000
1738,美國,古墓奇兵,2018/03/08,WARNER BROS. PICTURES INTERNATIONAL.,100,108,137602724.0000,586928,73771355.0000,90801818.0000
1739,美國,蝙蝠俠,2022/03/03,WARNER BROS. PICTURES INTERNATIONAL.,101,130,137431475.0000,525133,63765449.0000,90947416.0000
1740,美國,毀滅大作戰,2018/04/12,WARNER BROS. PICTURES INTERNATIONAL.,104,121,136885117.0000,591586,73249792.0000,88610738.0000
1741,美國,絕地戰警FOR LIFE,2020/01/16,SONY PICTURES RELEASING INTERNATIONAL CORPORATION.,109,133,136881045.0000,574657,53864078.0000,70817945.0000
1742,美國,玩命關頭9 ,2021/08/11,UNIVERSAL INTERNATIONAL FILMS LLC,106,109,135649127.0000,530816,60908713.0000,78758467.0000
1743,美國,閃電俠,2023/06/14,WARNER BROS. PICTURES INTERNATIONAL.,106,113,135385600.0000,512747,66455624.0000,78877960.0000
1744,美國,可可夜總會,2017/11/24,BUENA VISTA INTERNATIONAL INC.,102,167,135232352.0000,600838,28688092.0000,96458238.0000
1745,美國,我就要你好好的 (數位2D版),2016/06/17,WARNER BROS. PICTURES INTERNATIONAL.,93,110,133253574.0000,577026,39483881.0000,75554974.0000
1746,美國,樂來越愛你,2016/12/09,(英國)LIONS GATE INTERNATIONAL (UK) LIMITED,97,191,133028246.0000,562551,17545841.0000,74125338.0000
1747,美國,雙子殺手,2019/10/23,PARAMOUNT PICTURES CORPORATION,111,118,132796401.0000,553227,67829048.0000,83002933.0000
1748,美國,沙贊！,2019/03/29,WARNER BROS. PICTURES INTERNATIONAL.,110,103,130871912.0000,556508,74258927.0000,79228384.0000
1749,美國,長城,2016/12/29,UNIVERSAL INTERNATIONAL FILMS LLC,103,93,129314897.0000,550437,70429891.0000,77309508.0000
1750,美國,蟻人與黃蜂女 : 量子狂熱,2023/02/16,BUENA VISTA INTERNATIONAL  INC.,103,118,128296867.0000,483047,69025315.0000,73238891.0000
1751,美國,怪獸與鄧不利多的秘密,2022/04/14,WARNER BROS. PICTURES INTERNATIONAL.,102,136,124391432.0000,478543,70675211.0000,80279325.0000
1752,美國,怪奇孤兒院(數位2D版),2016/09/27,TWENTIETH CENTURY FOX INTERNATIONAL CORPORATION,102,114,121431460.0000,520349,60778680.0000,67100222.0000
1753,美國,巨齒鯊2: 海溝深淵,2023/08/02,WARNER BROS. PICTURES INTERNATIONAL.,104,113,120816915.0000,455573,59689015.0000,70606880.0000
1754,美國,子彈列車,2022/08/03,SONY PICTURES RELEASING INTERNATIONAL CORPORATION.,102,181,117702326.0000,456861,45386751.0000,69241761.0000
1755,美國,會計師 (數位2D版),2016/10/14,WARNER BROS.PICTURES INTERNATIONAL.,99,138,116862165.0000,509166,40172481.0000,71122791.0000
1756,美國,牠 第二章,2019/09/05,WARNER BROS. PICTURES INTERNATIONAL.,111,99,116684306.0000,480325,64911998.0000,74828712.0000
1757,美國,牠(數位IMAX 2D版),2017/09/07,WARNER BROS. PICTURES INTERNATIONAL.,101,106,116367230.0000,495311,54735903.0000,73374112.0000
1758,美國,鋼鐵英雄,2016/11/25,IM GLOBAL LLC,102,158,115721226.0000,507800,38789154.0000,73976770.0000
1759,美國,神隱任務：永不回頭,2016/10/21,PARAMOUNT PICTURES CORPORATION,100,99,115641271.0000,503089,72773915.0000,77835967.0000
1760,美國,比利•林恩的中場戰事 (數位2D版),2016/11/11,TRISTAR PRODUCTIONS  INC.、S8 BILLY LYNN  LLC,99,114,114147252.0000,290080,47249776.0000,70543400.0000
1761,美國,敦克爾克大行動,2017/07/20,WARNER BROS. PICTURES INTERNATIONAL.,105,121,113575145.0000,453406,56551343.0000,67965083.0000
1762,美國,鬼修女,2018/09/06,WARNER BROS. PICTURES INTERNATIONAL.,103,113,112679962.0000,478396,74400663.0000,70421539.0000
1763,美國,猛禽小隊: 小丑女大解放,2020/02/06,WARNER BROS. PICTURES INTERNATIONAL.,107,144,112521772.0000,472279,64440292.0000,64061507.0000
1764,美國,安娜貝爾：造孽(數位2D版),2017/08/10,WARNER BROS. PICTURES INTERNATIONAL.,99,92,111997735.0000,478895,62791751.0000,64295010.0000
1765,美國,蜘蛛人：穿越新宇宙,2023/06/21,SONY PICTURES RELEASING INTERNATIONAL CORPORATION.,105,143,107687570.0000,397012,1677860.0000,58715757.0000
1766,美國,海洋奇緣(數位國語2D版),2017/01/26,BUENA VISTA INTERNATIONAL INC.,93,135,107640123.0000,476413,55093938.0000,51993546.0000
1767,美國,STAR WARS：最後的絕地武士,2017/12/13,BUENA VISTA INTERNATIONAL  INC.,101,122,106018939.0000,414830,62290447.0000,65695908.0000
1768,美國,異形：羅穆路斯,2024/08/14,BUENA VISTA INTERNATIONAL  INC.,95,72,105720732.0000,355083,42379488.0000,64445698.0000
1769,美國,X戰警：黑鳳凰,2019/06/06,TWENTIETH CENTURY FOX INTERNATIONAL CORPORATION.,110,97,105423917.0000,450417,77864476.0000,67380833.0000
1770,美國,猛毒最終章：最後一舞,2024/10/23, SONY PICTURES RELEASING INTERNATIONAL CORPORATION.,97,21,104767058.0000,375478,58949543.0000,67712263.0000
1771,美國,旺卡(英文版),2023/12/05,WARNER BROS. PICTURES INTERNATIONAL.,107,173,102428884.0000,385827,27578205.0000,65833608.0000
1772,美國,魔物獵人,2020/12/04,SONY PICTURES RELEASING INTERNATIONAL CORPORATION.,107,92,100803483.0000,426931,56967644.0000,72053334.0000
1773,美國,歌喉讚3,2017/12/27,(美國)UNIVERSAL INTERNATIONAL FILMS LLC,98,108,100447547.0000,437111,63398834.0000,59577448.0000
1774,美國,元素方城市(英文版),2023/06/30,BUENA VISTA INTERNATIONAL  INC.,105,166,100393920.0000,404534,20154710.0000,63392641.0000
3792,印度,我和我的冠軍女兒,2017/03/24,UTV SOFTWARE COMMUNICATIONS LIMITED,78,186,167029136.0000,728558,12590049.0000,98982148.0000
4021,日本,鬼滅之刃劇場版 無限列車篇,2020/10/30,Aniplex Inc.,96,203,634938914.0000,2602313,166189308.0000,465554324.0000
4022,日本,灌籃高手 THE FIRST SLAM DUNK,2023/01/13,Toei Animation Co.  Ltd.,110,391,459202490.0000,1803427,3219238.0000,260287743.0000
4023,日本,劇場版 排球少年!! 垃圾場的決戰,2024/04/12,Dentsu Tec Inc.,98,216,267919908.0000,934295,54679843.0000,193887846.0000
4024,日本,鈴芽之旅,2023/03/02,TOHO CO.  LTD.,76,203,252513286.0000,967571,53085060.0000,164634224.0000
4025,日本,你的名字,2016/10/21,TOHO CO. LTD.,80,150,250255232.0000,1067845,80079595.0000,173759155.0000
4026,日本,劇場版 咒術迴戰 0,2022/02/24,Toho Co. Ltd.,72,196,232320958.0000,893940,112982084.0000,144017652.0000
4027,日本,名偵探柯南 100萬美元的五稜星,2024/06/28,株式会社トムス・エンタテインメント 	 ,99,138,218890096.0000,819561,91642297.0000,149580857.0000
4028,日本,名偵探柯南 黑鐵的魚影,2023/07/06,株式会社トムス・エンタテインメント,96,147,183723188.0000,717580,74828439.0000,109465798.0000
4029,日本,蒼鷺與少年(日文版) ,2023/10/06,Studio Ghibli Inc.,107,218,182405270.0000,700964,73010389.0000,114913846.0000
4030,日本,航海王劇場版 : 紅髮歌姬,2022/08/13,TOEI ANIMATION ENTERPRISES LIMITED.,97,108,175448337.0000,660723,75121492.0000,119463720.0000
4031,日本,天氣之子,2019/09/12,TOHO CO.  LTD.,101,211,168619925.0000,704809,67114115.0000,116405044.0000
4032,日本,SPY x FAMILY CODE: White,2024/01/19,TOHO Co.  Ltd. ,99,120,123251287.0000,473051,37773289.0000,74092184.0000
4033,日本,名偵探柯南 萬聖節的新娘,2022/06/30,株式会社トムス・エンタテインメント,95,190,121082220.0000,482335,50369500.0000,69895985.0000
4034,日本,名偵探柯南：紺青之拳,2019/07/10,株式会社トムス・エンタテインメント,90,124,109674984.0000,472497,52135503.0000,60514111.0000
5288,中華民國,當男人戀愛時,2021/04/01,金盞花大影業股份有限公司、(香港)眾合千澄影視文化傳媒有限公司,101,93,405402260.0000,1696691,9484080.0000,245359159.0000
5289,中華民國,關於我和鬼變成家人的那件事,2023/02/10,伯樂影業股份有限公司 、金盞花大影業股份有限公司 、中環國際娛樂事業股份有限公司 、良人行影業有限公司 、宏將影業有限公司 、聚星文創娛樂事業股份有限公司 、滿滿額娛樂股份有限公司 、東森電視事業股份有限公司 、眾合千澄影視文化傳媒有限公司、瀚草影視文化事業股份有限公司、英雄旅程股份有限公司 ,107,172,363843645.0000,1474856,769555.0000,214013373.0000
5290,中華民國,月老,2021/11/24,麻吉砥加電影有限公司、禾豐九路娛樂有限公司、良人行影業有限公司、居爾一拳有限公司、樂到家國際娛樂股份有限公司、聚星文創娛樂事業股份有限公司、國賓影城股份有限公司、能率影業股份有限公司、HIVE FILMWORKS INC.,110,170,264306579.0000,1091230,859650.0000,170443098.0000
5291,中華民國,返校,2019/09/20,影一製作所股份有限公司、遊戲橘子數位科技股份有限公司、英屬維京群島商敦宜股份有限公司台灣分公司、樂到家國際娛樂股份有限公司、一條龍虎豹國際娛樂有限公司、財團法人臺中市影視發展基金會、高雄市電影館、美商華納兄弟（遠東）股份有限公司台灣分公司,113,157,260457270.0000,1120871,78112115.0000,174419504.0000
5292,中華民國,比悲傷更悲傷的故事,2018/11/18,滿滿額娛樂股份有限公司、好好看文創有限公司、百聿數碼創意股份有限公司、神州音樂有限公司、崴森管理顧問股份有限公司、(大陸)上海唯喜影業有限公司、(香港)福斯傳媒有限公司,110,156,240681285.0000,1052373,62329426.0000,142687290.0000
5293,中華民國,角頭-大橋頭,2024/08/16,曼尼娛樂投資股份有限公司、影一製作所股份有限公司,100,88,224537637.0000,844631,54591117.0000,135584339.0000
5294,中華民國,孤味 (長片版),2020/11/06,彼此影業股份有限公司、秀泰國際娛樂有限公司、中環國際娛樂事業股份有限公司、Midori International Holdings Limited、威威巖娛樂製作有限公司,111,149,190892525.0000,828505,4263214.0000,116257499.0000
5295,中華民國,咒,2022/03/18,空殼影像股份有限公司    、精漢堂影像有限公司、川琇數位娛樂有限公司、地球防衛隊娛樂有限公司、艾德國際投資股份有限公司、奇亨創意影像有限公司、語謙行銷有限公司、高雄人（高雄市電影館）、世界投資顧問股份有限公司、夢想創造股份有限公司,93,120,171754843.0000,721528,38357546.0000,103644365.0000
5296,中華民國,角頭－浪流連,2021/02/05,巧克麗娛樂股份有限公司、台北市電影委員會,108,135,161768815.0000,683735,43684614.0000,88523410.0000
5297,中華民國,想見你,2022/12/30,車庫影業股份有限公司、三鳳有限公司,77,101,132214628.0000,534013,38164406.0000,79357483.0000
5298,中華民國,角頭2：王者再起,2018/02/14,理大國際多媒體股份有限公司、柏合麗國際影業股份有限公司、能海電能科技股份有限公司、路得寶交通股份有限公司、鑫盛傳媒製作股份有限公司、鐵人文創娛樂有限公司、昇華娛樂傳播股份有限公司、捷泰精密工業股份有限公司、華人電通文化傳媒有限公司,94,101,127897322.0000,564657,51720365.0000,63563620.0000
5299,中華民國,樓下的房客,2016/08/12,台灣安邁進國際影業股份有限公司、群星瑞智國際娛樂股份有限公司、中環國際娛樂事業股份有限公司、威視股份有限公司、MM2 ENTERTAINMENT PTE LTD.、安樂影片有限公司,91,120,116219969.0000,505554,38104460.0000,71813858.0000
5300,中華民國,紅衣小女孩2(數位2D版),2017/08/25,講故事有限公司、中環國際娛樂事業股份有限公司、大慕影藝國際事業有限公司、華映娛樂股份有限公司、秀泰國際娛樂股份有限公司、國賓影城股份有限公司、樂到家國際娛樂股份有限公司、華研國際音樂股份有限公司、紅衣小女孩股份有限公司,95,77,105729876.0000,465443,53172760.0000,65352167.0000
5301,中華民國,刻在你心底的名字,2020/09/30,滿滿額娛樂股份有限公司、氧氣電影有限公司、百聿數碼創意股份有限公司、中環國際娛樂事業股份有限公司、三皇生物科技股份有限公司,110,157,103428310.0000,441627,10986924.0000,64539751.0000
5302,中華民國,花甲大人轉男孩,2018/02/09,氧氣電影有限公司、藝碩文創股份有限公司、中環國際娛樂事業股份有限公司、樂到家國際娛樂股份有限公司、華映娛樂股份有限公司、秀泰國際娛樂有限公司、國賓影城股份有限公司、新光影城股份有限公司,99,91,102160797.0000,458886,25270127.0000,59343048.0000
