id,name
0,撤離倒數13天
2,空之境界劇場版：第一章 俯瞰風景
3,銀魂劇場版 2D 歌舞伎町四天王篇
4,誰想當老大
5,As One 星與翼的悖論
6,溫泉鯊
7,隱藏殺機
9,魔法壞女巫：第二部
10,好孩子
11,j-hope Tour 'HOPE ON THE STAGE' THE MOVIE
12,解碼
14,放飛旅行團
15,HIKARU UTADA SCIENCE FICTION TOUR 2024
16,嚇午4點
17,三分之愛
18,花漾少女心
19,逃亡遊戲
20,劇場版 咒術迴戰 澀谷事變×死滅迴游 先行上映
21,無名の人生
22,等待鋼琴家的時光
23,自殺通告
24,去死吧，親愛的
25,鋼琴家們的秘密煉金術
26,機動戰士鋼彈 鐵血孤兒 追尋兀爾德 -小小挑戰者的軌跡-
27,鬼童伴
28,愉快動物餅 大電影
29,未完的情歌
30,電影版吸吸吸吸吸血鬼
31,跟著貓走遇見愛
32,終極戰士：殺戮星球
33,蟲
34,j-hope Tour 'HOPE ON THE STAGE' THE MOVIE
35,暴蜂尼亞
36,鬼聲泣3
37,左撇子女孩
38,咒你
39,只為你遺憾
40,IDOLiSH7-偶像星願- First BEAT! 劇場版總集篇 前篇
41,厄靈鎮
42,新來的小朋友
43,珠寶師遺落在時光裡的愛
44,G-DRAGON IN CINEMA [Übermensch]
45,南方時光
46,睡覺的笨蛋
47,女孩
48,天才琴手
49,劇場版 咒術迴戰 0
50,魯邦三世 不死身的血族
51,全力奔跑
52,提姆波頓之地獄新娘
53,拿坡里的美麗傳說
54,從前從前我的媽
55,頭文字D(4K修復版)
56,大婢咒
57,迷宮裡的魔術師
58,吊鬼祭
59,盛夏心動
60,ONE IN A MILL10N
61,國寶
62,琳達！琳達！4K數位修復版
63,普通的孩子
64,劇場版銀魂 完結篇 永遠的萬事屋
65,捍衛天使
66,乖狗狗
67,闇黑電話 2
68,國寶風暴
69,九龍大眾浪漫
70,阿龍
71,他們將化作塵埃
72,要不要來碗茶泡飯？
73,藤本樹17-26：PART 1
74,藤本樹17-26：PART 2
75,希瑪之歌
76,有用的鬼
77,十年
78,泥娃娃
79,風林火山
80,徵人啟弒
81,銀魂劇場版 2D 真選組動亂篇
82,狼來了
83,鬼吹簫
84,世界就是這樣結束的
85,創：戰神
86,大濛
87,碰碰狐和貝貝彬歡唱電影：奇幻世界大冒險(國語版)
88,一百公尺。
89,突破:三千米的泳氣
90,夢想巨無霸
91,蓋比的娃娃屋大電影
92,暗影部隊
93,河鰻
94,皇家保姆亞瑟
95,光
96,搗破法蘭克
97,我們意外的勇氣
98,奇幻導航
99,銀簪子
100,一一
101,BTS 2019 'SPEAK YOURSELF' LONDON Remastered
102,BTS 2021 SOWOOZOO Remastered
103,陰陽眼見子
104,他年她日
105,卡夫卡最後的愛
106,電影版 神奇柑仔店 錢天堂
107,沒好婚姻
108,熱烈
109,永遠在一起
110,血怨
111,疾速營救
112,陌路兄弟
113,淒厲人師
114,Kygo: Back at the Bowl
115,約見波布
116,一戰再戰
117,BTS 2016 HYYH On Stage：Epilogue Remastered
118,BTS 2017 THE WINGS FINAL Remastered
119,CHA EUN-WOO：MEMORIES IN CINEMAS
120,傲嬌公主的奇幻冒險
121,醜得要命
122,拉威爾：萬丈光芒
123,劇場版『鏈鋸人 蕾潔篇』
124,8號出口
125,詭鄉
126,失明
127,無名指
128,鬼祭
129,病毒
130,捏造：史上最惡殺人教師
131,鋼琴之子
132,搖籃凡世
133,阿蒙怎麼了？
134,我家的事
135,大競走
136,樂來越愛你
137,鬼巫
138,月光下的藍色男孩
139,妮基的重生
140,愛裡行間
141,電影版小林家的龍女僕：害怕寂寞的龍
142,麵包超人電影版：小水滴的英雄！
143,96分鐘
144,劇場版 咒術迴戰 懷玉・玉折
145,劇場版 歌之☆王子殿下♪ TABOO NIGHT XXXX with Double Encore (QUARTET NIGHT version)
146,黑白線人
147,怪奇寶貝
148,陽台上的壞女孩
149,親愛的家人
150,世紀編舞大師
151,十分鐘新鮮事
152,致我所愛之人
153,久別重逢
154,厲陰宅：最終聖事
155,厲陰宅
156,龍之心-靈界探訪記-
157,進行曲
158,凌晨兩點的惡魔
159,鬼驅魔
160,毒魔
161,噪音殺機
162,失控夜班
163,伊人製造
164,人造天空
166,塗鴉日記
167,天作之合
168,戰疫前線
169,電影蠟筆小新：超華麗！灼熱的春日部舞者們
170,脫線神探
171,我在荒野做了一場夢
172,6DAYS
173,近畿．禁忌
174,從那天起，眼淚是美味的
175,角頭－鬥陣欸
176,辣媽辣妹2
177,無名弒 2
178,鬼 · 驅靈
179,一兆$遊戲　劇場版
180,夜晚還年輕
181,驅魔編年史：起源之戰
182,追愛衝浪手
183,邊境風暴
184,Chao，我代表人類跟人魚結婚了
186,凶器
187,劇場版 歌之☆王子殿下♪ TABOO NIGHT XXXX
188,我的殺手爸爸
189,詭妾
190,馴鹿大冒險：超越北極光
191,老爸歌單未完待續
192,沒有煙硝的山村
193,劇場版「鬼滅之刃」無限城篇 第一章 猗窩座再襲
194,我的朝聖之路
195,擊浪青春
196,我和我的殭屍女兒
197,地嚇鐵
198,岸邊露伴一動也不動 懺悔室
199,醜繼妹
200,一念菩提
201,莎樂美
202,那個人消失了
204,AI拼才會贏
205,BTS ARMY: FOREVER WE ARE YOUNG
206,歌劇魅影 20週年經典重映
207,壞蛋聯盟 2
208,越南名偵探：無頭詛咒
209,關於夢（性與愛）
210,如果德川家康成為總理大臣
211,29號公路
212,厄廈
213,Vaundy LIVE in London
214,驚奇4超人：第一步
215,豬排特務
216,全知讀者視角
217,來自廚房的花束
218,與達賴喇嘛談心：尋找幸福的智慧
219,青春（歸）
220,青春（苦）
221,電影哆啦A夢：大雄的繪畫世界物語
222,藍色小精靈大電影
223,是誰搞的鬼
224,鬼妻棺
225,長椅小情歌
226,聖母殺手
227,關於愛
228,大同世界
229,惡魔的眼淚
230,占星轉運站
231,拼命三郎
232,陰陽路
233,跨越時空的初吻
234,關於性
235,迷望
236,花便當的記憶
237,追殺騎師
238,SEVENTEEN WORLD TOUR [BE THE SUN]
239,BTS MAP OF THE SOUL ON:E
240,TOMORROW X TOGETHER WORLD TOUR [ACT : SWEET MIRAGE]
241,ENHYPEN WORLD TOUR [FATE]
242,HYBE CINEMA NORAEBANG
243,超人
244,風流一代
245,Yorushika LIVE 2024「前世」
246,無言的山丘
247,禁咒島
248,鹽路上有你
249,九十歲有什麼可喜可賀的
250,水畔
251,一直游到海水變藍
252,稻草人（台語版）
253,風流一代
254,地球特派員
255,江湖兒女
256,侏羅紀世界：重生
257,惡夏
258,窒友梅根 2.0
259,終極警報
260,白衣蒼狗
261,民主，練習中
262,牧羊人，你來自哪裡?
263,和山田談場Lv999的戀愛
264,記憶花園
265,MILEY CYRUS: SOMETHING BEAUTIFUL
266,謊島美人魚
267,女孩白日夢
268,名偵探柯南 獨眼的殘像
269,F1電影
270,異能5：死了一個超人以後
271,超硬伴娘
272,八歲
273,儀弒
274,地下忍者
275,壞小孩契約
276,越越獄試
277,拿坡里之戀
278,28年毀滅倒數
279,私家偵探
280,寧化飛灰
281,看不見的國家
282,造山者－世紀的賭注
283,冥婚
284,坂本龍一：東京旋律
285,波羅五號：超電磁新紀元
286,去唱卡拉OK吧！ 大感謝祭
287,男兒王2
288,鯊人魔
289,馴龍高手
290,劇場版 我與機器子
291,睡覺時眼睛睜開
292,捍衛任務：復仇芭蕾
293,山忌 黃衣小飛俠
294,腓尼基計劃
295,非普通教慾：4K數位修復版
296,我家妹妹不准嫁
297,冥燈
298,小子難纏：空手道傳奇
299,寶藏獵人
300,怪譚搜索
301,膽大黨：邪視
302,星光王子 Dramatic PRISM.1
303,咆哮山莊 - WISE CHILDREN版（經典劇集）
304,浴血劫案
305,屍速客運
306,她眼中的世界
307,恨（30週年4K修復版）
308,怪奇艾瑪
309,關於愛的練習
310,工作細胞 中文配音版
311,送院途中
312,薄暮微光
313,嘻蓋骨男孩
314,希特勒的私人圖書館
315,末世之城
316,滿血復活
317,馬克白 - 雷夫范恩斯版（經典劇集）
319,女人四十
320,靜靜的嘛呢石
321,湯瑪斯曼:騙術與自白
322,奧菲莉亞不沉沒
323,塔洛
324,撞死了一隻羊
325,五彩神箭
326,雪豹
327,尋找智美更登
328,老狗
329,一個和四個
330,守護我們的星球
331,失速機劫
332,邪厝
333,珍奧斯汀誤了我一生
334,馬克白 - 大衛田納特版（經典劇集）
335,我命中注定的飯店
336,他是我的！
337,瘋劫
338,星際寶貝：史迪奇
339,搜查瑠公圳
340,明月幾時有
341,黃金時代
342,無色、無所住
343,客途秋恨
344,天水圍的日與夜
345,天水圍的夜與霧
346,不可能的任務：最終清算
347,男人四十
348,幽靈人間
349,老派
350,蝸牛少女回憶錄
351,此刻的我們
352,怒女
353,第一夫人的逆襲
354,死亡日記
355,對街的小星星
356,殭屍合唱團：夢想未完
357,半生緣
358,絕命終結站 血脈
359,傾城之戀
360,今夜星光燦爛
361,何處
362,行者
363,桃姐
364,香香公主
365,沙
366,胡越的故事
367,書劍恩仇錄
368,ATEEZ WORLD TOUR [TOWARDS THE LIGHT：WILL TO POWER] IN CINEMAS
369,禁夜屍
370,頤和園
371,所以親親會消失對不對
372,超時空武士
373,囍宴
374,奧德蓋任務
375,誰在看著我們
376,泣聲驚魂
377,冥婚鬧泰大
378,宮﨑駿的奇幻世界
381,怪獸8號：Mission Recon
383,聖夜：惡魔都市
384,夏日最後的祕密
385,長安三萬里
386,復活劫
387,藍色太陽宮
388,飆風男孩
389,歌劇生死戀
391,取精急轉彎
392,直到黎明
393,沈睡的水下巨人
394,喬王出任務
395,鬼房客
396,學姊是男孩劇場版：雨後天晴
397,少年與狗
398,北極小迷狐:吉娜&尤克
399,小王子經典10週年 重返大銀幕（法）
400,女警撞到夫
401,看我今天怎麼說
402,會計師 2
403,萬王之王
404,"Ado SPECIAL LIVE ""心臟"" in Cinema"
405,鬼迷藏
406,深淵宇宙
407,刺心切骨
408,帶針的女孩
409,警上添花
410,客製化先生
411,謎宴
412,哈娜食堂
413,跟我ＯＯ就會紅
414,跳進部落的孩子
415,罪人
416,銀魂劇場版 2D 金魂篇
417,犯罪直播
418,器子
419,復仇反擊戰
420,無線殺機
421,鬼舞屍
422,贖夢
423,精奇大家庭
424,衝出迷境
425,逆轉拍賣師
426,倫敦最壞的男人
427,熊熊殺人出代誌
428,白鍵與黑鍵之間
429,加賀女士
430,叛逃公主歷險記
431,漂亮朋友
432,MINECRAFT 麥塊電影
433,有病才會喜歡你
434,SEVENTEEN [RIGHT HERE] WORLD TOUR IN CINEMAS
435,我在平行時空戀上妳
436,鬼才要回家
437,曼谷淪陷
438,超人力霸王雅克 THE MOVIE 超次元大決戰！光與暗的雅克
439,夏之庭 4K數位修復版
440,海岸村的日出日落
441,GIVEN被贈與的未來劇場版：去海邊
442,由島至島（上）
443,重裝制裁
444,型男主廚三星夢：巴黎篇
445,古曼童：母愛降靈
446,當我們懶在一起
447,燈塔水母的秘密
448,不知戀愛的我們
449,惡行之外
450,東京牛仔很忙
451,辣妹刺客3：假期殺機
452,分居風暴(數位版)
453,劇場版 世界計畫 崩壞的世界與無法歌唱的初音未來
454,Imagine Dragons: Live From The Hollywood Bowl(with the LA Film Orchestra)
455,童年往事
456,我依然在此
458,被告汪星人
459,妳是我眼中的蘋果
460,青春末世物語
461,QUEER
462,獵人兄弟
463,大力水手：血腥菠菜
464,大畫特務2
467,不丹是幸福
469,男孩．賽車．性醜聞
470,白雪公主
471,魔女守護者
474,封神第二部：戰火西岐
475,電影版孤獨的美食家
476,神鬼劫案：瞞天過海
477,命中註定那頭鵝
478,給我一首琴的時間
481,ZEROBASEONE THE FIRST TOUR [TIMELESS WORLD] IN CINEMAS
482,安諾瑪麗莎
483,無痛先生
484,秘密會議
485,開棺
486,邪降女帝
487,劇場版 鋼管公主！！
488,米奇17號
489,風之谷
490,你的國，我的家
491,魔怪：如果繁星有樂聲
492,平行青春的我們
493,璀璨女人夢
494,366日
495,TOMORROW X TOGETHER : HYPERFOCUS IN CINEMAS
496,小恐龍的漫畫宇宙
497,臨演人生
498,我們與俄的距離
499,機動戰士 Gundam GQuuuuuuX -Beginning-
500,夜校女生
501,史蒂芬金之猴子
502,粗獷派建築師
503,殺人預言
506,彼得潘：惡夜遊戲
507,你家就是我家
508,窒息倒數
509,頤和園
511,"劇場版 YOASOBI 5th ANNIVERSARY DOME LIVE 2024 ""超現實"""
512,Thunderbolt Fantasy 東離劍遊紀 最終章
513,鬼貓
514,吸血鬼：諾斯費拉圖
515,死者
516,辛辛監獄劇團
517,2018大洪水
518,青春來接招
519,我去死一下
521,劇場版派遣女醫X FINAL
525,BJ單身日記：戀上小鮮肉
526,北村公寓4:44
527,感應
528,納米比亞沙漠直播中
529,我們愛過一次
530,繼承風暴
531,小小次文化戰爭~比利治玩家的逆襲
532,美國隊長:無畏新世界
533,喪屍集中營
534,心之觸碰。
535,狠狠愛
536,黑海惡咒
537,一騙到底
538,謊言 4K數位修復版
539,師控風暴
540,兄妹之地
541,海鷗食堂
542,樂活俱樂部
543,IU CONCERT: THE WINNING
544,圓圈
545,(G)I-DLE WORLD TOUR [iDOL] IN CINEMAS
546,完美伴侶
547,哈爾濱
548,哥吉拉-1.0
549,烈火救援
550,STAND BY ME 哆啦A夢
551,深海
552,柏靈頓：熊熊去秘魯
553,愛的迫降旗艦版
554,黑祭司2：闇黑修女
555,狼人
556,巴布狄倫：搖滾詩人
557,天使營救
558,末日小隊請登入
559,笑傲江湖
560,《秘密與謊言:數位修復版》
561,喵的奇幻漂流
562,鑽石大劫案：極盜戰
563,乖女孩
564,【我推的孩子】電影版
565,見鬼發財
566,不能說的秘密
567,達荷美：祖靈回家
568,日泰小食
569,更好的人
570,劇場版 忍者亂太郎 毒竹忍者隊最強之軍師
572,工作細胞
573,推拿
574,東北虎
575,風中有朵雨做的雲
576,你好，愛，再次
577,鬼診所
578,第一聖拳
579,香巴拉
580,我生活的兩個世界
581,來福大酒店
582,魔法小紅書
583,漂亮朋友
584,春風沉醉的夜晚
585,浮城謎事
586,誘見巴黎最後探戈
587,神州無賴街（新感線舞台劇第四季）
588,狂人法則
589,劇場版「進擊的巨人」完結篇THE LAST ATTACK
590,故事 開始的地方—希望閱讀
591,真的好想贏1場
592,祝你們幸福
593,殘夏
594,征服山的少年
595,鬼太郎誕生：咯咯咯之謎真生版
596,戰火浮生錄
597,狐晴明九尾狩（新感線舞台劇第四季）
598,音速小子 3
599,誤判
600,IVE The 1st World Tour in Cinema
601,鬼妹
602,死命必達
603,非想非非想
604,美妙寵物 光之美少女電影: 心跳加速♡遊戲世界大冒險！
605,你是我眼中的那道光
606,EPIK HIGH 20 THE MOVIE
607,曦曦
608,模範生禁愛秘密
609,爸爸
610,交換禮物
611,魔戒：洛汗人之戰
612,雨中的慾情
613,男歡女愛
614,LAST MILE：全面引爆
615,一部未完成的電影
616,安眠殺機
617,恐怖日常怪談
618,靈寓
619,薔薇與武士2：海盜女王的回歸（新感線舞台劇第四季）
620,手榴彈‧革命‧還有愛與詩
621,殺人結業弒
622,末世生存者
623,獅子王：木法沙
624,愛與怒
625,PTP：永遠不滅
626,響亮心重奏
627,吶喊雷克雅維克
628,珍妮德爾曼
629,藥頭悲歌
630,藥頭悲歌II：血染雙手
631,藥頭悲歌III：死神上門
632,東京戰爭戰後秘語
633,平克佛洛伊德：迷牆
634,靈魂的重量
635,獵人克萊文
636,窺鏡
637,邪體：鬼拼屠
638,風都偵探 假面騎士SKULL的肖象
639,404宿靈速速逃
640,優雅的相遇
641,黑箱日記
642,艾曼紐2024
643,再見了！茱莉亞
644,旅人所嚮
645,石榴的顏色
646,這就是聖誕節
647,惡狼年代
648,我獨自升級：二次覺醒
649,NCT DREAM Mystery Lab: DREAM( )SCAPE in Cinemas
650,赤羽骨子的秘密保鑣
651,八犬傳
652,台灣超人
653,鳳姐
654,艾諾拉
655,聽說
656,消失的豪門妻
657,沙奈：詛咒之歌
658,從今以後
659,Laufey's A Night at the Symphony: Hollywood Bowl
660,傷痕-老兵的故事
661,風流西班牙: 摩洛哥情事
662,全力揮擊
664,終極制裁者
665,由島至島
666,隔壁的房間
667,異教詭屋
668,Baekhyun: Lonsdaleite [dot] in Cinemas
669,艾曼紐1974 4K修復版導演版
670,我最喜歡的蛋糕
671,地下終劫站
672,絕命樂透彩
673,富豪遊戲
674,海洋奇緣2
675,女兒的女兒
676,春行
677,心葬
678,鬼碟仙
679,殺
680,偶像大師 劇場版: 前往光輝的另一端 經典10週年
681,FIGHTING！女孩們
682,來自地獄的邪靈
683,難言之隱
684,惡靈怪談
685,空海 【經典數位修復】
686,魔法壞女巫
688,餘燼
690,羅素克洛之大法師
691,驚爆封鎖線
692,薩滿新娘
693,默視錄
694,福田村事件
695,噠噠噠達利
696,神鬼戰士 2
697,我談的那場戀愛
698,焚城
699,成為星星的少女
700,五等分的新娘*
701,在熙的男，朋友
702,幕前幕後：范克萊本鋼琴大賽
703,荊棘天堂
704,幸福國度
705,靠近維梅爾
706,黑之牛
707,來生再見未名的我們
708,霸愛之路
709,紅色一號
710,罪惡對決
711,保羅‧賽門：無眠樂章
712,劇場版 OVERLORD - 聖王國篇
713,鬼們之蝴蝶大廈
714,愛子歸來
715,刀劍神域劇場版-序列爭戰
716,非普通家族
717,超／人：克里斯多夫李維傳奇故事
718,仇雲殺機
719,布勒合唱團：溫布利球場演唱會
720,草迷宮恐怖殺人事件
721,鬼聲泣2
722,劊樂小丑2
723,劊樂小丑
724,當警探戀愛時
725,生活瑣事
726,熟男不疑惑
727,乒乓男孩
728,劊樂小丑3
729,鋼之鍊金術師BROTHERHOOD 15週年特別版
730,為我辦一場西式的喪禮
731,鬼禁地
732,十字路口的豬
733,巡演轉學生
734,白南準：月亮是最古早的電視
735,日本人的養成
736,地獄灰姑娘
737,從水深0米開始
738,皇后復仇中
739,真愛未了情
740,猛毒最終章：最後一舞
741,樂一通大戰外星人：粉紅末日
742,懼裂
743,微笑 2
744,辣手警探2
745,銀魂劇場版 2D 一國傾城篇
746,陰陽師0
747,默殺：無聲之地
748,孤狼救援
749,鄰家密友
750,惡夢偵相
751,雪中真相
752,TAEYONG: TY TRACK IN CINEMAS
753,JUNG KOOK: I AM STILL THE PARTY EDITION
754,荒野機器人
755,劇場總集篇 孤獨搖滾！Re:Re:
756,小雁與吳愛麗
758,鬼袋人
759,逃出搶錢鎮
760,念念眷村：文學裡的眷村故事
761,愛殺特攻隊
763,危機航線
764,太陽王與人魚：新帝國
765,藍色時期
766,再見，福寶
767,地獄怪客：歪曲人的詛咒
768,擅長捉弄人的高木同學 電影版
769,麵包超人電影版：細菌人與繪本的露露
770,當我的指尖觸碰到你的溫度時
772,飛鳥總動員
774,血色之路
775,武替道
776,薇娜：死後七日
777,千萬別放手
778,雪水消融的季節
779,在大雪封閉的山莊裡
780,《劇場版 SUPER WINGS：究極加速》
781,超時空愛殺
782,薩滿男孩
783,不朽之櫻
784,那年夏天，想見妳
785,台北十日
786,台北追緝令
787,我的英雄學院劇場版：You’re Next
788,屍控戰場
789,種土
790,流氓驅魔師
791,首爾單身日記
792,我心裡的太陽
793,惡業
794,我的一夜騎士
795,可恨的初戀！
796,歡迎菜老師
797,我變笨了，請多多指教：媽媽 歡迎回來
798,魔女荷莉
799,JUNG KOOK: I AM STILL
800,恐怖份子（數位修復版）
801,變形金剛：源起
802,你的名字。
803,邪惡勿語
804,鬼花園 : 詛咒
805,超完美家政婦
806,警賊黑白衝
807,老師的善意謊言
808,流浪吉普賽
809,荒野心家園
810,三日月和貓
812,湄公河水鬼
813,aespa: MY First page
814,猛鬼大學：邪無止禁
815,導演你有病
816,穿著旗袍的女孩
817,巴黎頌紐約情
818,陰間大法師 BEETLEJUICE
819,小孩不笨3
820,我的夏日旅行
821,不思議女人
822,我來買單
823,春天情書
824,未來的回憶
825,黑暗之家
826,宛如阿修羅
827,家族遊戲
828,廚房
829,如此這般
830,愛情城事
831,龍族戰神：重生
832,國有器官
833,詭異之家
834,哈囉！萌鬼屋
835,XIA CONCERT MOVIE CHAPTER 1：RECREATION
836,我們還有明天
837,滿七
838,其後
839,藍色假期
840,刀劍亂舞 迴 -旋傳 親近的侍從們-
841,變身機長
842,跳越時空的愛戀
843,到我們為止
844,末日倒數12小時
845,催眠
846,誰殺了比利比莉
847,求救眨眨眼
848,SEVENTEEN TOUR 'FOLLOW' AGAIN TO CINEMAS
849,派對咖孔明 Road to Summer Sonia
850,自白
851,戀戀風塵（數位修復版）
852,角頭-大橋頭
853,電影蠟筆小新：我們的恐龍日記
854,暹羅詛咒
855,狸太怨
856,天生女王
857,最後一擊
858,異形：羅穆路斯
859,森之聲：猩火燎原
860,邊緣禁地
861,言葉之庭
862,狗狗歌劇院(中配版)
864,九命貓的奇幻旅程
865,鬼才之道
866,OZONE 青春冒險
867,怪奇家族
868,失速芭蕾
869,夏日的檸檬草
870,劇場版 賽馬娘Pretty Derby：新時代之門
871,絕地逃生
872,電影版屁屁偵探：再見親愛的夥伴，屁屁啊
873,我父英風
874,怨泊
875,不羈騎士
876,熱血搜救隊：翻轉世界
877,農民：愛慾情謎
878,圈套
879,BLACKPINK WORLD TOUR [BORN PINK] IN CINEMAS
880,致英格蘭（英國國家劇院現場）
882,劇場總集篇 孤獨搖滾！Re:
883,四月，她將到來。
884,巴黎，德州 (4K數位修復版)
885,追逐繁星的孩子
886,她們的盛夏微愛
887,不死戀人
888,大室家-親愛的姊妹
889,新封神榜：楊戩
890,死侍與金鋼狼
891,DDDD惡魔的破壞 後編
892,塔羅牌
893,激情年代（英國國家劇院現場）
894,驀然回首
895,人類之巔3
896,大室家-親愛的朋友
897,嘎啦
898,阿姨，上學囉！
899,人道主義吸血鬼徵求自願獻身者
900,在那開滿花的山丘，我想見到妳
901,時髦女子
902,龍捲風暴
903,寂噤計畫
904,凡尼亞（英國國家劇院現場）
905,血繼
906,電影哆啦A夢：大雄的地球交響樂
907,劇場版 藍色監獄 -EPISODE 凪-
908,長腿
909,愛的噩夢
910,鳥
911,前途海量
912,好人赫德（英國國家劇院現場）
913,飛月情海
914,DDDD惡魔的破壞 前編
915,我想和你在一起
916,海關戰線
917,秒速5公分
918,找死凶宅
919,猛鬼聲泣泣
920,荒蕪之地．應許之心
921,56種喝采
922,教宗家的小兒子
923,彼此的日子 In Our Day
924,神偷奶爸 4
925,異國日記
926,角落小夥伴電影版：奇幻的玩具工廠
927,名偵探柯南 100萬美元的五稜星
928,破浪男女
929,鬼厄犬
930,60分鐘亡命直播
931,瑪麗亞‧蒙特梭利
932,金髮毒藥
933,超級殺
934,忙愛不如盲婚
935,噤界：入侵日
936,麥可傑克森：未來的未來演唱會電影
937,亡命機劫
938,金孫爆富攻略
939,媽的人生願望
940,救援生死線
941,雲之彼端，約定的地方
942,分期付款愛上你
943,紅色房間
944,萬事通大全
945,全個世界都有電話
946,客人主人
947,黑水巷
948,孤獨搖滾！團結Band LIVE-恆星-
949,屍油降
950,逃出狂鯊島
951,鬼氣球
952,完美配對謀殺案
953,承諾大海的老師
954,宮殿大飯店
955,托芙的房間
957,加菲貓：農場大冒險
958,鬼咧號
959,超完美暗殺隊
960,星之聲
961,春畫先生
962,睏寐之際
963,窺探者
964,絕地戰警：生死與共
965,明天我就不幹了！
966,刀劍亂舞 迴 -虛傳 燃燒的本能寺- 【後篇】
967,維莉狄雅娜
968,中產階級拘謹的魅力
969,八戒
970,當殺手戀愛時
971,她死了
972,怒火狂猴
973,失憶殺神
974,環南時候
975,嗜殺路人甲
976,那日清晨真令人感到空虛
977,波紋
978,自由的幻影
979,安達魯之犬
980,泯滅天使
981,馬奎斯如何成為馬奎斯
982,柏格曼的幽靈
983,朦朧的慾望
984,女僕日記
985,青樓怨婦
986,假面騎士555 20th 復活的天堂
987,被遺忘的人
988,特莉絲坦娜
989,鬼舞村：詛咒起源
990,愛情本性論
991,她說
992,蘇維埃巴士站
994,以愛之茗
995,踹你死功夫
996,遠方 數位修復版
997,來世還作人
998,不存在的騎士
999,馬奎斯之愛與群魔
1000,布紐爾:超現實電影人
1001,花芯蕩漾
1002,芙莉歐莎：瘋狂麥斯傳奇篇章
1003,刀劍亂舞 迴 -虛傳 燃燒的本能寺- 【前篇】
1004,九龍城寨之圍城
1005,滅世男孩
1006,小熊維尼2：噬血維尼
1007,鴉色刑事組電影版
1008,如果可以再死一次
1009,魯邦三世 卡里奧斯特羅城 4K數位修復版
1010,BLOODY ESCAPE：地獄的逃走劇
1011,全面監視
1012,日落喜劇
1013,沉默筆錄
1014,夏日的文化洋行
1015,幻幻之交
1016,Silent Love
1017,我在這裡等你
1018,鬼妻塚
1019,假面騎士 THE WINTER MOVIE- 葛查多 & GEATS 最強克米GOTCHA大作戰
1020,惡鄰羅曼史
1021,短句之國
1022,猩球崛起：王國誕生
1023,熊出沒．伴我“熊芯”
1024,長夜盡頭的微光
1025,少年的漂浪旅程
1026,慾望的盡頭
1027,挑戰者
1028,蜘蛛驚
1029,貓的報恩(日文版)
1030,錢不夠用3：全部夠用
1031,大發明家
1032,帝國浩劫：美國內戰
1033,犯罪都市4
1034,全境炸裂
1035,邪厄恩典
1036,如果我可以冬眠
1037,非關性愛
1038,背德迷情
1039,不丹沒有槍
1040,特技玩家
1041,aespa: WORLD TOUR in Cinemas
1042,愛離巢
1043,屍控大賣場
1044,鬼天廈
1045,非紳士特攻隊
1046,噬血芭蕾
1047,神鬼對決
1048,盜墓奇美拉
1049,孤島診療所2022
1050,瑪格麗特戀習題
1051,日安，朵朵
1052,給我愛過的前任們
1053,機動戰士鋼彈 SEED FREEDOM
1054,劇場版 排球少年!! 垃圾場的決戰
1055,再愛一次
1056,窒命危機
1057,搬家 4K數位修復版
1058,OUT
1059,無法融化的祕密
1060,禁忌之慾
1061,自戀男神
1062,紀伯倫哈利勒：先知
1063,偶慾
1064,怪物樵夫
1066,瓊拜雅：三重人格
1067,電影版 吹響吧！上低音號～莉茲與青鳥～
1068,東京公園
1069,GIVEN被贈與的未來劇場版：柊mix
1070,莎莉
1071,屍咒
1072,天魔：惡之初
1073,超危險警探
1074,劇場版 森林家族 來自芙蕾雅的禮物 中文版
1075,白晝如焚
1076,超人力霸王布雷薩 THE MOVIE：大怪獸東京決戰
1077,特別總集篇 名偵探柯南 vs. 怪盜基德(日語版)
1078,鬼面女
1079,老橡樹酒館
1080,填詞L
1081,彼岸的真相
1082,石門
1084,親愛的愛莉絲
1085,冰室蓮司：日本統一 台灣篇
1086,Strike！娜英
1087,蜜鑰
1088,哥吉拉與金剛 : 新帝國
1089,但願人長久
1090,功夫熊貓 4
1091,魔鬼剋星：冰天凍地
1092,鬼聖胎
1093,看到靈魂的那隻眼 師公
1094,惡獸之戰
1095,（真）新的一天
1096,自由協議
1097,最後一次的生日派對
1098,盛夏最溫暖的初戀
1099,雞蛋和石頭
1100,伏慄熊
1101,尋找湯德章
1102,北極百貨的秋乃小姐
1103,雷鬼之父：音樂無國界
1104,下女的誘惑 經典重映
1105,笨鳥
1106,城市時裝速記
1108,不是你不愛你
1109,詩
1110,尋找小津
1111,破墓
1112,BTOB
1113,電影版 X光室的奇蹟
1114,兩萬種蜜蜂
1115,反貪風暴之加密危機
1116,金門
1117,天使之心
1118,極限長征
1119,鬼怨偶
1120,滯留生
1121,師情化慾
1122,雙面薇若妮卡 經典數位修復
1123,沙丘：第二部
1124,飯戲攻心2
1125,法庭遊戲
1126,逆轉廢材人生
1127,「鬼滅之刃」 絆之奇蹟，邁向柱訓練
1128,夢想集中營
1129,日日好狗日
1130,鬼影直播
1131,給我個機會
1132,蓋世怪胎
1133,唐人街恰恰
1134,鐵道員
1135,失控教室
1136,天眼救援
1137,鬼燭靈
1138,上流誘惑
1139,蜘蛛夫人
1140,再見機器人
1141,可憐的東西
1142,《少女與戰車 最終章》 第４話
1143,小子
1145,七月返歸
1146,"Fukuyama Masaharu Live Film Kotodama no Sakiwau Natsu ""Boy Meets The Music"" @Nippon Budokan 2023"
1147,佩佩的電影派對（國語版）
1148,愛愛愛上你
1149,火上鍋
1150,歡迎光臨黑手黨餐廳
1151,戰地琴人
1152,在路上男情難未了
1153,不完美的愛情革命
1154,鬼太郎誕生：咯咯咯之謎
1155,機密特務:阿蓋爾
1156,還錢
1157,飛鴨向前衝
1158,墜惡真相
1159,去唱卡拉OK吧！
1160,金派特攻隊
1161,莫斯科行動
1162,邪妓
1163,貓王與我
1164,拯救嫌疑人
1165,源生罪
1166,情慾的界線
1167,醉鄉民謠
1168,劇場版 轉生成女性向遊戲只有毀滅 END 的壞人大小姐
1169,臨時劫案
1171,邪惡根本不存在
1174,SPY x FAMILY CODE: White
1175,光之美少女電影 ALL STARS F
1176,妖怪森林
1177,一個人的逃亡
1178,他的最後一個朋友
1179,我不是教你詐
1180,戰火下的小狐狸
1181,魅舞
1182,明天比昨天長久
1183,美麗的聲音
1184,2046 4K數位修復版
1185,蜂刑者
1186,少女與戰車 劇場版
1187,露梁：死亡之海
1188,消失的她
1189,網紅教慾
1190,細野晴臣：再會美國
1191,爆裂點
1192,妙想天開
1193,鬼聲泣
1194,怒潮
1195,叛諜檔案
1196,鬼媽媽的假期
1197,壞男孩
1198,雙眼之間
1199,月
1200,怪胎女孩
1201,韓國都市恐怖怪談：詭手
1202,搖滾吧！中二樂團
1203,巴赫曼-沙漠追愛之旅
1204,魔籽公主
1205,崖上的波妞
1206,紅豬
1207,坂本龍一：OPUS
1208,魔法公主
1209,潛行
1210,金手指
1211,人犬
1212,電影版 淘氣小企鵝啵樂樂 超級明星大冒險(國語版)
1213,情牽浮生戲
1214,愛情轉移
1215,藍色的你
1216,春風勁草
1217,我是一片雲〈修復版〉
1218,星願(英文版)
1219,慾望之翼
1220,初戀你我他
1221,赤心巔峰
1222,日安，我的母親
1223,我的完美日常
1224,法拉利
1225,送葬人
1226,東尼瀧谷:數位經典版
1227,贖罪日之戰
1228,寬鬆世代又怎樣：INTERNATIONAL
1229,銀河鐵道之夜
1230,巫術
1231,餓之必要
1232,壞教慾女孩
1233,千年決鬥
1234,RENAISSANCE: A FILM BY BEYONCÉ
1236,愛在閃電下
1237,窗邊的小荳荳
1238,切格瓦拉滿天下
1239,青春豬頭少年不會夢到紅書包女孩
1240,12.12：首爾之春
1241,鬼6怨
1242,愛是一把槍
1243,青春 (春)
1244,像高達一樣寂寞
1245,荒漠斷背情
1247,夜校
1249,666號房
1250,赤軍殘酷內鬥暗黑史
1251,水上迴光
1253,奇愛博士
1254,陸上行舟
1255,也許是因為美的決心
1256,中國女人
1257,赤軍：PFLP世界戰爭宣言
1258,小曉
1259,魔髮精靈：樂團在一起 (國語版)
1260,年少日記
1261,歡迎來到駒田蒸餾所
1262,水鬼
1263,海豚男孩-國語版
1264,鄰人Ｘ：謎樣的女子
1265,東京復仇者2：血腥萬聖節 後篇─決戰
1266,我們從末日開始
1267,絕地追擊
1268,與達利有約
1270,革命＋1
1271,簡稱：連續射殺魔
1272,童魘
1273,NCT NATION：To The World in Cinemas
1274,旺卡(英文版)
1275,夢行者保羅
1276,富都青年
1277,BIG
1278,屍禁
1279,無聲夜
1280,全羅道少年殺人事件
1281,進化症候群
1282,花腐
1283,轉生幻夢
1284,五月的35日
1285,闇之祭
1286,壁花男孩
1287,直線偏執狂（英國國家劇院現場）
1288,海鷗 （英國國家劇院現場）
1290,老狐狸
1291,下一球，勝利
1292,五月的你，十二月的她
1293,野火蔓延時
1294,夢想紅舞鞋
1295,阿爾及爾的末代王后
1296,戴珍珠耳環的少女
1297,智利，我的理想國
1298,花若盛開
1299,飢餓遊戲：鳴鳥與游蛇之歌
1300,恐怖感恩劫
1301,撼山河 撼向世界
1302,少男少女
1303,白日之下
1304,託生君系列：很長很長的故事開始的早晨
1305,舞動人生
1306,30日
1307,天一亮，就想見到你
1308,車頂上的玄天上帝
1309,五月雪
1310,My SHINee World
1311,電影版 勿說是推理
1312,日暮生死戀
1313,WOMEN 我們不知道的事
1314,東京復仇者2：血腥萬聖節 前篇─命運
1315,劊樂時光
1316,琳達想吃雞!(中文版)
1317,飢餓遊戲：自由幻夢 終結戰
1318,尋父冒險記
1319,茱莉亞四重奏
1321,戰場日記
1322,泰勒絲 | 年代巡迴演唱會電影
1323,鬼車站
1324,禍亂：地下秩序
1325,詭屋
1326,困獸
1327,凱蒂超殺女
1328,我家的故事
1329,樹懶殺三小
1330,小嫉妒
1331,飢餓遊戲
1332,折翼姊妹
1334,4拍4家族
1335,新寶島曼波
1336,佛萊迪餐館之五夜驚魂
1337,超危險保鑣
1338,青春並不溫柔
1339,日子
1340,新核能時代
1341,數碼寶貝02 THE BEGINNING_國語版
1342,沼澤王的女兒
1343,驅魔13
1344,萬聖劫
1345,野獸們
1346,虎紋少女
1347,釀魂
1348,狂琴畸戀
1349,塵埃之書：野美人號（英國國家劇院現場）
1350,數碼寶貝02 THE BEGINNING
1351,惡女
1352,鑽石水族世界
1353,花月殺手
1355,詐騙女王
1356,雉岳山怪談
1357,天元突破劇場版 紅蓮螺巖 螺巖篇
1358,特別篇 吹響吧！上低音號～合奏團競賽篇～
1359,誆世巨作：蜘蛛窩新宇宙
1360,杜巴利伯爵夫人
1361,名偵探麻里子最悲慘的一天
1362,交響狂花
1363,明天星期一
1364,飢餓遊戲：星火燎原
1365,飢餓遊戲：自由幻夢
1366,紅色情深 經典數位修復
1367,女鬼橋2：怨鬼樓
1368,親愛的大衛
1369,天元突破劇場版 紅蓮螺巖 紅蓮篇
1370,邀阿公阿嬤拍B級殭屍片
1371,極惡變身
1372,少年Pi的奇幻漂流（英國國家劇院現場）
1373,動物感傷の清晨
1374,幸福的所在
1375,達利:慾望之謎
1376,電影哆啦A夢 - 大雄之宇宙英雄記
1377,朝聖之路：一路平安
1378,戰火邊緣的青春
1379,白色情迷 經典數位修復
1381,周處除三害
1382,大法師:信徒
1383,劇場版城市獵人：天使之淚
1384,沒有國家的冠軍
1385,麵包超人電影版：樂波莉與暖呼呼禮物
1387,新進社員：電影版
1388,人之初性本善
1389,塞納河上的船屋
1390,電影哆啦A夢：新大雄的大魔境 - 扁扁與5人之探險隊
1391,藍色情挑 經典數位修復
1392,汪汪隊立大功：超級大電影（國語版）
1393,A.I.創世者
1394,花漾奶奶金難搞
1395,奪魂鋸X
1396,他馬克老闆
1397,IU CONCERT: THE GOLDEN HOUR
1398,附身
1400,電影哆啦A夢 - 大雄的秘密道具博物館
1401,X
1402,在旅途中：方濟各的朝聖之旅
1403,觸不到的肌膚
1404,冰淇淋般的愛戀
1405,男人最壞女人最愛
1406,7號房的禮物
1407,浴血任務4
1409,成功補習班
1411,偉大的十四世：達賴喇嘛
1412,鬼夢遊
1413,印咒：畢舍遮
1414,愛在滿格時
1415,電影哆啦A夢：大雄與奇跡之島
1416,冬日男孩
1417,芽籠
1418,狼少年：不朽的愛
1419,榮耀之路
1420,自由之聲
1422,賭徒鮑伯
1423,影子軍隊
1424,神父李昂莫罕
1425,威尼斯魅影謀殺案
1426,千萬別開門
1427,岸邊露伴在羅浮
1428,我的天堂城市
1429,鬼偶
1430,少女☆歌劇 Revue Starlight RONDO RONDO RONDO
1431,地獄來的乘客
1432,斷捨離天堂
1433,善良的牧本先生
1434,德黑蘭雙面疑雲
1435,電影哆啦A夢 - 新‧大雄與鐵人兵團
1436,愛爾瑪的情與慾
1437,峰爆
1438,闇黑新世界
1439,沉默之海
1440,換宿夜驚魂
1441,查無此心
1442,我最愛的笨男人
1443,劇場版 少女☆歌劇 Revue Starlight
1444,保護者
1445,蘭陵40─演員實驗教室
1446,電影哆啦A夢 - 大雄的人魚大海戰
1447,生命之舞
1448,AI時代
1449,正義辯護人
1450,鬼修女II
1452,贖命救援
1453,GHOSTBOOK 妖怪圖鑑
1454,電影哆啦A夢 - 新‧大雄的宇宙開拓史
1455,奪魂鋸
1456,海的盡頭是草原
1457,渴水
1458,飛舞人生
1459,失衡凶間之罪與殺
1460,私刑教育3
1461,KANGDANIEL: MY PARADE
1462,八月三十一日，我在奧斯陸
1463,粽邪3 :鬼門開
1464,爆復
1465,MAMAMOO：MY CON THE MOVIE
1466,絕對味覺情人
1467,暗殺風暴
1468,24小時賭命倒數
1469,尋愛小說家：海史密斯
1470,神選之地
1471,絕美波麗露
1472,無情荒地有琴天
1473,死亡解剖
1474,BE : the ONE
1475,喵的詐騙集團(英文版)
1476,無事生非（莎翁經典劇集）
1477,受監護的女人
1478,限時引爆
1479,靜靜的生活
1480,大病人
1481,超市之女
1482,民暴之女
1483,女稅務員
1484,女稅務員2
1485,鴻運女
1486,我的麻吉4個鬼
1487,青春豬頭少年不會夢到嬌憐外出妹
1488,逃出寧靜海
1489,復仇狗聯盟
1490,雪后奇緣
1491,喜幹會
1492,來自雪國的遺書
1493,千輝同學未免甜得過火
1495,呼叫愛美子
1496,我的藍莓夜
1497,藍甲蟲
1498,四月物語：數位修復版
1499,劇場版 衝鋒戰士：搶救月球大作戰
1500,親密（前編）
1501,親密（後編）
1502,鬼手鬼手 請開口
1503,喵喵博物館(英文版)
1504,忌怪島
1505,屍發現場
1506,景深之中
1507,不散（4K修復版）
1508,冰風暴
1509,水泥烏托邦：末日浩劫
1510,幽靈公館
1511,我和我的賽車老爸
1512,勇闖太空
1513,新次元！蠟筆小新電影超能力大決戰～飛吧！手卷壽司～
1514,忍者龜：變種大亂鬥
1515,一個人的朝聖
1516,機甲英雄 劇場版 我與我等於無限大(國語版)
1518,銀河鐵道之父
1519,獸刑
1520,夏洛克的孩子們
1521,五個惡魔
1522,與狼共舞
1523,GT：跨界玩家
1524,馬克白（莎翁經典劇集）
1525,巨齒鯊2: 海溝深淵
1526,在水中
1527,請問，還有哪裡需要加強
1528,珍愛硬起來
1529,之前的我們
1530,掃毒3：人在天涯
1531,神鬼海底撈
1532,電影版TOKYO MER：行動急診室
1533,假裝沒事
1534,永遠的好麻吉
1535,謎樣的你
1536,卓別林與他的情人
1537,我們的最強暑假
1538,鐵男：金屬獸
1539,鐵男II：血肉橫飛
1540,奧本海默
1541,電影哆啦A夢：大雄與天空的理想鄉
1542,鬼郵輪：瑪麗皇后號
1543,惠子不能輸
1544,黑夜遊行
1545,她和他的女兒
1547,長路將盡
1548,Barbie芭比
1549,幸運狗狗來造訪
1550,腹荷
1551,直到世界末日
1552,回不去的那座山
1553,飛躍吧！金牌英雄
1554,GRIDMAN UNIVERSE
1555,電梯遊戲
1556,My Precious初戀
1557,銀平町的電影時光
1558,我的左派老師
1559,情慾獨角獸
1560,陰兒房：鬼門陰深處
1561,怪物
1562,暗湧情事
1563,我恨我自己
1564,死屍死時四十四
1565,四層公寓
1566,謎霧莊園
1567,怪物
1568,不可能的任務：致命清算 第一章
1569,名偵探柯南 黑鐵的魚影
1570,元素方城市(英文版)
1571,變身少女露比
1572,幽魂娜娜：重生
1573,SSSS.DYNAZENON 劇場總集篇
1574,一直一直都很喜歡你
1575,小提琴天后慕特：愛樂一生
1577,惡靈古堡：死亡島
1578,舞力對決 : 地表撐霸
1579,命案
1580,SEE HEAR LOVE 看不見聽不見也愛你
1581,小行星城
1582,蜘蛛人：穿越新宇宙
1583,貴公子
1584,別叫我”賭神”
1585,SSSS. GRIDMAN 劇場總集篇
1586,淨化論
1587,她喜歡的是
1588,蝙蝠：血色情慾 數位修復版
1589,化劫
1590,SUGA: Road to D-DAY
1591,j-hope IN THE BOX
1592,溟溟
1593,義美超級爸
1594,惡靈魔洛剋
1595,雙手的溫柔
1596,大愚樂家
1597,百合的雨聲
1598,閃電俠
1599,超人力霸王德卡 最終章 朝向旅程的彼方‧‧‧
1600,花開富貴
1601,為你鍾琴
1602,深夜加油站遇見蘇格拉底
1603,聖奧梅爾殺嬰案
1604,阿諾是個模範生
1605,愛情停損點
1606,六月之蛇
1607,變形金剛：萬獸崛起
1608,這裡沒有熊
1609,三張面孔
1610,白晝的惡魔
1611,沙特與波娃
1612,犯罪都市3
1613,BLUE GIANT 藍色巨星
1614,鬼出櫃
1615,催眠狙擊
1616,貞子 DX
1617,名偵探神助理：黃金螺旋之謎
1618,米蘭昆德拉：從玩笑到無謂的盛宴
1619,豪門心計
1620,烈火浩劫
1621,爛人
1622,熱帶往事
1623,安妮艾諾 超八時光
1624,萊茵金
1625,古董局中局
1626,馬克斯，我的愛
1627,新．假面騎士
1628,日本春歌考
1629,留愛在蔚藍海岸
1630,御法度
1631,長別離
1632,無理心中日本之夏
1633,廣島之戀
1634,絞死刑
1635,太陽的墓場
1636,印度之歌
1637,歸來的醉漢
1638,青春殘酷物語
1639,莒哈絲最後的情人
1640,坎達哈行動
1641,駭人骨娃娃
1642,厲嬰魂
1643,禁忌的畫像：卡拉瓦喬之影
1644,色局追兇
1645,投奔怒海
1646,當男人戀愛時
1647,燃起希望之火
1648,愛的密語
1649,小美人魚(數位2D版)
1650,南方，寂寞鐵道
1651,快一秒的他
1652,消失的紫斑蝶
1653,收陰機
1654,烈火焚身
1655,我的2年妓女生涯
1656,摘星甜點王
1657,擒慾女王
1658,鷹勇潛艦
1659,非關男孩
1660,玩命關頭 X
1661,邪厄
1662,正宗巨齒鯊
1663,金之國水之國
1664,湯道
1665,神鬼聖戰
1666,龍馬精神
1667,陰影下的她
1668,炎日
1669,Anne的多重恐懼
1670,演員夢
1671,開心鬼上身
1672,我的幸福婚約
1673,鬼噤聲
1674,追殺代理人
1675,燃燒的玫瑰
1676,指尖上綻放的愛
1677,上流謀殺案
1678,揮灑心篇章
1679,萊拉兄弟
1680,神鬼第六感
1682,破碎太陽之心
1683,梵蒂岡驅魔士
1684,限時追捕
1685,魯蛇大翻身
1686,麻罪犯
1687,窄路微塵
1688,絕命控制
1689,這就是我
1690,危險療程
1691,扶桑花女孩之舞
1692,速命道
1693,心之谷
1694,王立宇宙軍～歐尼亞米斯之翼～：4K數位修復版
1697,傲慢與偏見（音樂劇）
1700,絕地營救
1701,電影版 佐佐木與宮野 畢業篇
1702,不能流淚的悲傷
1703,寶可噩夢
1704,電影刀劍亂舞-黎明-
1705,月之圓缺
1706,愛是自私
1707,空巢
1708,Fishmans
1709,炸彈客
1710,詭樓
1711,愛瑪（音樂劇）
1712,玫瑰母親
1713,惡靈地堡
1714,地中海發燒友
1715,屍智症
1716,烈火亞當
1718,COLDPLAY: LIVE AT RIVER PLATE
1719,離不開你的依賴
1720,《樂隊舞台》——男孩們回來了（音樂劇）
1721,四百擊
1722,吸血鬼特助：雷菲爾
1723,假面騎士劇場版 Battle Royale
1724,穆荷蘭大道 4K數位修復版
1725,聖母院大火：世紀浩劫
1726,涅槃咒
1727,燈火闌珊
1728,厄林
1729,柴可夫斯基的妻子
1730,血忌
1731,正年輕
1732,疫起
1733,熊男
1734,百花
1735,再一次勇敢跳躍
1736,鬼玩人 4K數位修復版
1737,十三門徒
1738,屍房菜
1739,過去那五年（音樂劇）
1740,超級瑪利歐兄弟電影版
1741,AIR
1742,玫瑰母親
1743,美麗的他電影版
1744,孩子， 你好嗎 ? 我是誰?
1745,戰爭開打之際
1746,做工的人電影版
1747,鏡之孤城
1748,65：恐怖行星
1749,魔女宅急便(日語版)
1750,靈魂伴侶
1751,公主與野獸
1752,夏日悄悄話
1753,白日青春
1754,桃子樹的最後豐收
1755,電影版殘念生物事典
1756,孩子， 你好嗎 ? 鴕鳥騎士
1757,龍與地下城：盜賊榮耀
1758,唐璜羅曼死
1759,長春事件
1760,追兇12夜
1761,名偵探柯南 灰原哀物語〜黑鐵的神祕列車〜
1762,小淘氣尼古拉：快樂的源頭
1763,販愛天堂
1764,杏仁與海馬
1765,艾莉絲旅館
1766,捍衛任務4
1767,熊蓋毒
1768,闇黑對決
1769,致蕾絲莉
1770,噩夢輓歌 4K數位修復版
1771,流水落花
1772,聖蛛
1773,若愛重來
1774,人體動物圖鑑：烏龜的殼其實是肋骨
1775,沙贊！眾神之怒
1776,WINNER 2022 CONCERT THE CIRCLE : THE MOVIE
1777,夢遊樂園
1778,九槍
1779,無人相信的真相
1781,驚聲尖叫 6
1782,8釐米：詛咒影帶
1783,超完美狗保姆
1784,屍蹤天使
1785,天生一對2 大電影：再續前緣
1786,俠探特攻：驚爆獨立日
1787,怪談比留子
1788,蓋世棋蹟
1789,尋找第5味
1790,守護黑面琵鷺
1791,斷網
1793,維特:音樂劇
1794,小熊維尼：血與蜜
1795,火線埋伏
1796,光影帝國
1797,血仇生死鬥
1798,驚爆點
1799,玩具當家
1800,配樂大師顏尼歐
1801,本日公休
1802,鈴芽之旅
1804,孩子， 你好嗎 ? 我的名字叫李心潔
1806,人肉搜索2：失蹤搜救
1807,殺手迴戰
1808,胡桃鉗與魔笛公主的奇幻冒險(英文版)
1809,法貝爾曼
1810,巫母
1811,不離職冒險王
1812,所有的美麗與血淚
1813,我們的黎明
1814,盲柳與沉睡的女人
1815,回到首爾
1816,巫師靈不靈！？
1817,風再起時
1818,「鬼滅之刃」上弦集結，前進刀匠村
1819,毒舌大狀
1820,追海豚的長崎夏日
1821,愛情美樂地
1822,色界
1823,手
1824,蟻人與黃蜂女 : 量子狂熱
1825,蟻人與黃蜂女 : 量子狂熱
1826,悲情城市
1827,關於我和鬼變成家人的那件事
1828,鐵達尼號 25周年重映版
1829,僕愛君愛：致深愛妳的那個我
1830,僕愛君愛：致我深愛的每個妳
1831,束縛
1832,仇恨謎林
1833,愛情失格
1834,珍愛熱線
1835,青春養成記
1836,新世紀福音戰士新劇場版：終
1837,火線交涉
1838,敲敲門
1839,幻影
1840,對我而言，你是珍貴的
1841,愛在生命終結時
1842,山椒魚來了
1843,我的鯨魚老爸
1844,霍爾的移動城堡
1845,BTS: YET TO COME IN CINEMAS
1846,天間莊三姊妹
1847,伊尼舍林的女妖
1848,大明星多重宇宙
1849,萬惡世代
1850,片場風暴
1851,日出日落：屋頂上的提琴手
1852,BILLIE EILISH: LIVE AT THE O2 （戲院加長版）
1853,驚獄77
1854,迫降危機
1855,日麗
1856,超難搞先生
1857,詐團圓
1858,屁屁偵探 : 天才惡人屁屁亞蒂
1859,巴比倫
1860,淘氣小企鵝啵樂樂 電影版：巨龍城堡大冒險(國語版)
1861,玩命特攻：武演行動
1862,舌尖上的禪
1863,拼音戀習曲
1864,天龍八部之喬峰傳
1865,窒友梅根
1866,我的婆婆怎麼把ＯＯ搞丟了
1867,山中森林
1868,巧虎電影　巧虎與塔魯王子
1869,愛．子
1870,HERO
1871,《聽見天堂》4K數位修復版
1872,沒有你的旅程
1873,那個男人
1874,開羅謀殺案
1875,劫婚大作戰
1876,紳探追緝令
1878,彬與瑛
1879,監弒器
1880,緣路山旮旯
1881,夜鷹的單戀
1882,她和她們的電影課
1883,地下疑雲
1884,西蒙娜：世紀之聲
1885,唱出戀愛的苦惱
1890,親密
1917,瑪琳艾索普：首席女指揮
2042,以你的名字呼喚我
2147,航海王劇場版 : 紅髮歌姬
2150,航海王劇場版 : 紅髮歌姬
2169,鬼臥床
2203,首爾怪談
2445,劇場版 咒術迴戰 0
2761,花神咖啡館
2764,緣起不滅
2926,當男人戀愛時
2996,銀魂 THE FINAL
3087,法蘭克
3254,一直游到海水變藍
3423,雲之彼端，約定的地方
4399,江湖兒女
4698,舞動人生
4850,劊樂小丑
5161,四百擊
5188,樂來越愛你
5270,囍宴
5408,慾望之翼
5469,十年
5506,藍色情挑 經典數位修復
5507,紅色情深 經典數位修復
5508,白色情迷 經典數位修復
5517,雙面薇若妮卡 經典數位修復
5624,紅圈
5741,推拿
5750,捍衛任務
5755,盛開紫羅蘭：西蒙波娃與薇奧麗賴朵絲
5760,KANO
5767,破案天才伽利略：真夏方程式
5768,八月三十一日，我在奧斯陸
5769,言葉之庭
5770,花神咖啡館
5772,法蘭克
5780,追逐繁星的孩子
5804,ASTRO
5805,哈利波特：混血王子的背叛
5812,破案天才伽利略：嫌疑犯X的獻身
5818,哈利波特：鳳凰會的密令
5822,哈利波特：火盃的考驗
5827,哈利波特：阿茲卡班的逃犯
5833,哈利波特：消失的密室
5837,千禧曼波
5853,火線追緝令
5874,悲情城市
5879,新．里見八犬傳
5883,殺夫 (數位修復版)
5884,油麻菜籽
